Inventory Item Id	Description
3M MASTER	3M - D2475 MASTER STN.
3M 78-8095-0938-9	3M - SPEAKER C/W ENCLOSURE
ACP	ACP - 5 OR 9  PORT CALL PROCESSOR
BAL 1000MH	BALLAST - 1000W MH
BAL 100MH	BALLAST - 100W MH
BAL 175MH	BALLAST - 175W MH
BAL 232	BALLAST - F32T8 (2 BULBS)
BAL 250MH	BALLAST - 250W MH
BAL 272HO	BALLAST - F72 (2 BULBS)
BAL 296	BALLAST - F96 SLIMLINE
BAL 296HO	BALLAST - F96 HO
BAL 320MH	BALLAST - 320W MH
BAL 340-PLL	BALLAST - 40W PLL
BAL 348HO	BALLAST - 3 F48 HO
BAL 372HO	BALLAST - 3 F72 HO
BAL 400MH	BALLAST - 400W MH
BAL 432	BALLAST - 4 F32T8
BAL 472HO	BALLAST - 4 F72 HO
BAL 496HO	BALLAST - 4 F96 HO
BAL 648HO	BALLAST - 6 F48 HO
BAL 696HO	BALLAST - 6 F96 HO
BELT-P	V-BELT - PUMPING UNIT BELT
BEN 541N100501	BENNETT - H.D. BLADES S.S.
BEN A323702	BENNETT - SHAFT SEAL - P.U.
BOS 1100	BOSTIK SEALANT
BRINE	BRINE PER LITRE
CAT CTM75-HD	CATLOW - 3/4in BREAKAWAY-RECONNECTABLE
CAT CTM100	CATLOW - 1in BREAKAWAY (RECONNECTABLE)
CON UD	MAG SWITCH UD - 47-600-1/ 500MA/12VDC
CTL 90-040	48 INCH PEDESTAL
CTL 91-540	WIRELESS TRANSCEIVER PER PAIR  - C6000
CTL 92-508	C6000 DEWHURST KEYPAD
CTL 92-513	C6000 CARD SCAN BD
CTL 92-518	C6000 FRONT PANEL (UI BD)
CTL 92-555	C6000 MAIN CONTROL BD - COMM BD
CTL 94-010	COMPUTROL PRINTER PAPER - C600
DAN PULSATRON	PULSATRON PUMP - ULTRA DIESEL SHELL
DAN RESISTOR	RESISTOR/CAPACITOR BLUE
DH EQ30-PULSER	PULSER D&H NEW STYLE
DSTICK-14	DIPSTICK - 14ft
30022001	EBW - VAPOUR RECOVERY ADAP - 4in BRASS
662501202	EBW - SHEAR VALVE TOP - FEM 1.5in DBL PO
70848001	EBW - OVERFILL VALVE - COAXIAL
70849101	EBW - OVERFILL VALVE
71040114	EBW - HATCH COVER & BASE ASSY
71040201	EBW - HATCH COVER & HANDLE - NO BASE
78120501	EBW - FRP HANDLE REPLACEMENT COMPOSITE L
78130207	EBW - 12in FIBERGLASS LID - ORANGE
TOK 317432-1	TOK - TPX83 LOCK ASSY-MMD TWO STEP CAM
TOK 319561-5	TOK - MODULATING VALVE
TOK 320132-1	TOK - 1 x 5 CUSHION KEY PAD
TOK 320247-14	TOK - DES MODULE - SHELL
TOK 320247-2E	TOK - DES MODULE - ULTRAMAR
TOK 320247HUSKY	TOK - DES MODULE - HUSKY
78144101	EBW - 44in SAFE-LITE BOLT DOWN STP LID
152350902	FEP - STP GASKET KIT
225005930	FEP - RELAY BRD (FOR STP SCI BOX)
400137937	FEP - SYPHON CHECK VALVE
400170931	FEP - 15 MFD CAPACITOR (3/4 HP TO 1.5 HP
400170934	FEP - 40 MFD CAPACITOR (FOR 2HP FIXED)
400197930	FEP - KIT MANIFOLD ASSY
400200930	FEP - WIRE HARNESS & YOKE ASSY
400562901	FEP - SYPHON JET VALVE
400988931	FEP - STP CHECK VALVE - STD
400988932	FEP - STP CHECK VALVE - TYPE R
PMA-150	FEP - STP MOTOR 1.5 HP
PMA-200	FEP - STP MOTOR 2HP (SGL PHASE)
PMA-75	FEP - STP MOTOR 3/4 HP
STP-MLD	FEP - LEAK DETECTOR-GAS
STP-MLD-D	FEP - DIESEL MECHANICAL LEAK
5800100215	FEP - STP-SCI - SMART CONTROLER
CIM 70010	FILTER CIMTEK - 3/4in CELLULOSE - 10M
CIM 70059	FILTER CIMTEK - 3/4in HYDROSORB - 10M  (
CIM 70015	FILTER CIMTEK - 1in CELLULOSE - 10 MICRO
CIM 70060	FILTER CIMTEK - 1in HYDROSORB - 10M (GAS
WIX 24004	WIX FILTER  - FUEL ELEMENT - 7 Microns
PIU F0061903B	NOZZLE DEF AUTOMATIC A60 W/SWIVEL &HOSE
CIM 70120	FILTER CIMTEK - 1in MULTIFUEL - 10M (GAS
CIM 70122	FILTER CIMTEK - 3/4in MULTIFUEL - 10M
WIX 24003-HOU	WIX FILTER - IN LINE(3/4in) 7 Microns
EN06012G023	GIL - OVERLAY BLACK - (FOR M08412B001)
ENE0601G055	GIL - OVERLAY CALL BUTTON WHITE W/GREEN
TOK 417074-1	TOK - CONTROLLER BOARD(262 CPU)
TOK 419084-1	TOK - TCS INTERFACE BOARD
TOK 419814-4	TOK - DISPLAY BOARD - 262A
TOK 421067-1	TOK - NOZZLE BOOT SHROUD PREM B
TOK 421228-1	TOK - LED BOARD - PREMIER
K35222	GIL - (ADV/ENC) TOP METER SEAL KIT
K35359	GIL - (ADV) METER END CAP GASKET
K83512-25	GIL - LOWER DOOR KEY (GBCO)
K94254-01	GIL - (ADV) METER CHECK VLVE (METAL)
M00068A001R	GIL - (500S) ATC NODE
M00141B002	GIL - (300/500) CUSTOMER INPUT KEYPAD
M13448A001	GIL - (ENC) MANAGERS KEYPAD (M00147A001)
M00246A001	GIL - (300) DIGITAL CONTROL VALVE (3 BOL
M00515A003	GIL - MANAGER KEYPAD CABLE (M00147A001)
M01047A005	GIL - (300) NOZZLE BOOT ASSY
M01598A001R	GIL - (300) PUMP CONTROLLER BOARD
M01785A001	GIL - DISPLAY DOOR NODE BD - ENCORE 500
M02958A002	GIL - (ENC) COIL ASSY  (FOR M02227A001)
M04011B002	GIL - (300) DUAL PULSER OPTIUM (T18350-G
M04012B001	GIL - (500) DUAL PULSER ASSY
M04104A001R	GIL - (500) POWER SUPPLY
M04163B001	GIL - (ENC) 3 FUSE BOARD  (FOR M04104A00
M04326A001R	GIL - (500) DOOR NODE BD (CORE)
M04456A001	GIL - ATC PROBE JUMPER CABLE (FOR R20148
M04528A001	GIL - (500S) CALL INTERFACE BRD (INTERCO
M04547A003	GIL - (500) PPU CABLE (FOR 3+1)
M04588A003R	GIL - (500) SGL PPU DISP W/O SWITCH
M04920B003	GIL - PUMPING UNIT ROTOR KIT GB PU - BEN
M05835A004R	GIL - (ENC) DOOR NODE 4 DISPLAY (REBUILT
M15182B002	GIL - (500S) COMBINE PULSER
M05912A001	GIL - (500S) NOZZLE BOOT ASSY
M05912A002	GIL - (500S) NOZZLE BOOT - LIFT (RIGHT)
TOK 422723-184	TOK - PREM C PTS PANEL - 2 PRODUCT
TOK RELAY	TOK - RELAY TOKHEIM S.S. A.B. #700HHF62A
UNI 870	UNIVERSAL - HI-HOSE RETRIEVER (2in PIPE)
UNI BASE	UNIVERSAL - HOSE BASE RETRIEVER (2X6)
UNI CHVAL-150	UNIVERSAL - 1.5in UNION CHECK VALVE
VAC MONGAU	AGT VAC MONITOR GAUGE ASSYmanifold
VAC PLUG	AGT VACUUM PLUG - 2IN PUCK
VC2	VENT CAP 2in
329328-002	VRT - TLS 350 Keyboard
329359-001	VRT - RELAY OUTPUT (2AMP) MOD (4in)
329360-001	VRT - I/O COMBINATION MOD (2in/2out)
330734-001	VRT - POWER SUPPLY BOARD (TLS 350)
330020-012	VRT - UNIVERSAL SENSOR MOUNTING KIT
330020-435	VRT - INTERST. CAP - HYDR0STATIC- PLASTI
330272-002	VRT - PROBE 10ft CABLE - FREEDOM SUPPLIE
330280-001	VRT - EDIM BD - DB25 CONN
331500-348	VRT - ECPU/2 CPU BD (TLS 350)
0794380-320	VRT - SOLID-STATE DISCRIM SENSOR (SHORT)
0794380-322	VRT - DISCRIMINATING SUMP SENSOR (SHORT)
M06115A002	GIL - (500S) PPU CABLE ASSY (WHITE - 8 C
M06139A001	GIL - (500s) GRADE SELECT BUTTON ASSY
M06194K001R	GIL - (500S) 3 PRODUCT PPU DISPLAY BOARD
M06194K002R	GIL - (500S) 5 PRODUCT PPU DISPLAY BOARD
M06194K005R	GIL - (500S) 3 + 1 PRODUCT PPU DISPLAY B
M06745A009	GIL - (EMV) USB CABLE/POWER ASSY M04219A
M07555A002R	GIL - (E500S) PWR SUPPLY W/OUT TRANSFORM
M07754B002	GIL - (500S) 7 BUTTON MEMBRANE SWITCH
M07793A004	GIL - (EMV) SPOT INTERFACE BOARD
PA024TC21S	GIL - (ADV) METER - NEW
PA02610000022	GIL - (D-BOX) DISTRIBUTION BRD - DB9
PA03820000	GIL - (PAM 5000) PAM 5000 UNIT
Q12170-01	GIL - (ADV) MICROSWITCH Advantage
Q12446-03	GIL - PPU CRYSTAL
Q12448-04	GIL - (ENC) SUBMINIATURE LAMPS (LIGHT&SO
Q12542-03	GIL - (500S) MAIN DOOR LOCK BLK - CH751
Q13131-02	GIL - ATC TEMP PROBE - LONG CABLE
R14213-30	GIL - MOTOR 3/4 HP (COUNTER CLOCKWISE)
R20147-G1	GIL - ATC T-METER CABLE
R20148-G1	GIL - ATC DATA CABLE (LONG)
R20148-G2	GIL - ATC DATA CABLE (MED LENGTH)
R20148-G3	GIL - ATC DATA CABLE (SHORT)
T17549-G1	GIL - (ADV) MANAGERS KEYPAD
T17651-G1R	GIL - (D-BOX) DISTRIBUTION BRD FOR GIL P
T18699-G2	GIL - (ADV) LCD PPU DISPLAY
T18994-G1R	GIL - (ADV) HYDRAULIC INTERFACE BOARD
T19386-G1R	GIL - (ATC) T-METER BOARD
T19428-G1	GIL - (ATC) T-METER I.S. BARRIER ASSY
T19684-03	GIL - (ADV) GRADE SELECT MEMBRANE SWITCH
T19706-G3	GIL - (ADV) POWER SUPPLY
T19793-G1	GIL - (ADV) PPU RIBBON CABLE - 4 GRADE
T19976-G3S	GIL - (ENC) C-PLUS METER (NEW)
T20011-G2R	GIL - (ADV) PUMP CONTROLLER BD OPTIMIZED
T20013-G1S	GIL - (ADV) DIGITAL VALVE - 4 BOLT
T20076-G3R	GIL - (ADV) INTERFACE BOARD (CORE)
T20092-G1R	GIL - (LEGACY) PUMP CONTROLLER BD
T20569-G2R	GIL - (ADV- E300)  ATC BOARD - Optimiz (
T50038-135	GIL - OVERLAY SMARTPAD Adv PetroCan
HOS 058-8-6	HOSE - 5/8in x 8ft 6in
HOS 058-9	HOSE - 5/8in x 9ft
HOS 075-10	HOSE - 3/4in x 10ft
HOS 075-10-6	HOSE - 3/4in x 10ft 6in
HOS 075-12	HOSE - 3/4in x 12ft
HOS 075-15	HOSE - 3/4in x 15ft
HOS 075-17	HOSE - 3/4in x 17ft
HOS 075-8-6	HOSE - 3/4in x 8ft 6in
HOS 075-9	HOSE - 3/4in x 9ft
HOS 075-9-6	HOSE - 3/4in x 9ft 6in
HOS 100-12	HOSE - 1in x 12ft
HOS 100-15	HOSE - 1in x 15ft
HOS 100-18	HOSE - 1in x 18ft
HOS 100-20	HOSE - 1in x 20ft
HOS 100-25	HOSE - 1in x 25ft
HOS 100-9	HOSE - 1in x 9ft
HOS BUN-100	HOSE 1in RED HOSEBUN W/YELLOW STRAP
HOS CL-075	HOSE RETRACTOR CLAMP FOR 3/4in
HOS CL-100	HOSE CLAMP 1 inch
HOS SWEN-058	HOSE END SWIVEL 5/8 inch
HOS SWEN-075	HOSE END SWIVEL 3/4 inch
HOS SWEN-100	HOSE END SWIVEL 1in
HOS WH-058900	WHIP HOSE - 5/8in x 9in
HOS WH-075900	WHIP HOSE - 3/4in x 9in
HOS WH-100900	WHIP HOSE - 1in x 9in
TSSP-PTR	INC - (TS) PRINTER
JAB IMPELLER	JABSCO IMPELLER - 920-0003
KRA 218AY03	KRAUSE IS BARRIER
KRA COM01	KRAUSE MICON COMMUNICATOR
KRA K11815-NS	KRAUSE ATC PROBE (ROUND CONN) W199
KRA KIL187	KRAUSE MAIN DISPLAY BOARD KIL187
KRA SK297	KRAUSE ATC BD
KRA SK378	KRAUSE ATC BOARD-TCS
KRA SK463	KRAUSE MICON 500 MAIN BRD NO PROCESSOR
LAM 100WMH	LAMP - 100W MH MED
LAM 175MH	LAMP - 175W MH
LAM 175MH-MED	LAMP - 175W MH - MED. BASE
LAM 250MH	LAMP - 250W MH
LAM 300WQ	LAMP - 300W QUATZ
LAM 320MH	LAMP - 320W MH
LAM 400MH	LAMP - 400W MH
LAM 40W-PLL	LAMP - 40W PLL COMPACT FLUORESCENT
LAM CAP175MH	LAMP - 175W MH CAPACITOR
LAM CAP250MH	LAMP - 250W MH CAPACITOR
LAM CAP320MH	LAMP 320W MH CAPACITOR
LAM CAP400HPS	LAMP -400W HPS CAPACITOR
LAM CAP400MH	LAMP - 400W MH CAPACITOR
LAM F13T8	LAMP 13 WATT (GIL CRIND)
LAM F17T8	LAMP - F17 T8
LAM F20D	LAMP - F20T12- DAYLIGHT
LAM F22T8D4	LAMP - F22T8-D4
LAM F24DHO	LAMP - F24T12 D HO
LAM F25T8	LAMP - F25T8
LAM F30D	LAMP - F30T12 DAYLIGHT
LAM F30T8	LAMP - F30T8
LAM F32T8	LAMP - F32T8
LAM F32T8 U6	LAMP - F32T8 U SHAPED LAMP - 6 INCH
LAM F36DHO	LAMP - F36T12 D HO
LAM F40D	LAMP - F40T12 DAYLIGHT
LAM F42DHO	LAMP - F42T12 D HO
LAM F48DHO	LAMP - F48T12 D HO
LAM F60DHO	LAMP - F60T12 D HO
LAM F64DHO	LAMP - F64T12 D HO
LAM F70T8	LAMP - F70T8/841
LAM F72DHO	LAMP - F72T12 D HO
LAM F7CF	LAMP - 7 WATT COMPACT FLUORESCENT
LAM F84DHO	LAMP - F84T12 D HO
LAM F96D	LAMP - F96T12D - SINGLE PIN
LAM F96DHO	LAMP - F96T12 D HO
LAM F9CF	LAMP - 9W FLOURESCENT TUBE -  PL9/41/P
LAM IND	LAMP - STP INDICATOR
LAM IND ZBV-G3	LAMP - LED INDICATOR TELEM(ZBV-G3-4
LAM LED-10W-SCR	LAMP 10W LED - SCREW IN BASE
LAM PHCELL	LAMP - PHOTO CELL
W&M - MCC OFFICIAL SEAL	W&M - MCC OFFICIAL METER LEAD SEAL
MOR 418L-3812-ACC	MORRISON - 39 inch STP LID-BOLT DOWN
MOR 418L-4412 ACC	MORRISON - 44in LID (STP MANWAY/  BOLT
MOT RB-3/4	MOTOR - 3/4 HP (REBUILT)
OFF SET 150X300	OFF SET 1.5 inch X 3 inch
1-21CC	OPW - 1C SER. CAST LID- GRADE LVL SPILL
104AOW-1200	OPW - 12in MONITOR WELL LID (BOLT DOWN)
10BFP-5726	OPW - 1-1/2in SHEAR VALVE/ W/POP (FEMAL
10FTP-5701	OPW - 1.5in SHEAR VALVE TOP - DBL POP
10P-0152	OPW - 1.5in SHEAR VALVE DP(BLUE BLADDER)
10RFTP-5751	OPW - 1.5in SHEAR VALVE TOP
116M-0375	OPW - MONITOR CAP 4 inch PLASTIC C/W ELE
1611AVB1625	OPW - VAPOUR RECOVERY ADAPTOR (3in x 4in
44-0044	OPW - FLOW RESTRICTOR 3/4in (INSTALLED A
66S-0075	OPW - SCUFF GUARD (3/4in BREAKAWAY)
70-0070	OPW - CHECK VALVE W/SHEAR POINT ( 1.5in
70S-0075	OPW - #70 VALVE TALL SINGLE POPPET
800-F	OPW - PULSER - 800F
D00173M	OPW - LID 104 12in
E00510M	OPW - LID 13.5in OD 104A-1200 (CAST IRON
H05361	OPW - SHEAR VALVE ARM (HOLD OPEN)
H12229M	OPW - LID SEAL-GASKET (1-21CC COVER)
PEM 10312-2	PEMCO - 12in LID - MONIT WELL (BOLT DOWN
PMP 17002-3	PMP - RBT VRR COMPUTER
PMP 22003	PMP - GILBARCO ELECTRONIC METER
PMP 25005	PMP - TOKHEIM METRIC METER
PMP 26000	PMP - WAYNE ELECTRONIC METER - LITRE
PMP 26035	PMP - WAYNE IGEM METER - DUAL
PMP 38007-4	PMP - TOK ELECTRIC RESET
RJK 111-092-5	RJK - 15 MFD CAPACITOR (FOR 3/4 HP STP)
RJK 111-661-5	RJK - 25 MFD CAPACITOR (FOR 1.5 HP  STP)
RJK 113-105-5	RJK - CONNECTOR SNAP RING - 2 WIRE
RJK 116-056-5	RJK - MECH. LEAK DETECTOR - GAS (MLD)
RJK 144-091-5	RJK - PIGTAIL WIRE - PLUG & LEAD ASSY 17
RJK 144-183-5	RJK - CHECK VALVE & SPRING (STD STP)
RJK 144-193-1	RJK - QUAD RING/ THICKESS
RJK 172-003-5	RJK - O RING KIT (FOR FUNCTIONAL ELEMENT
RJK 188-241-5	RJK - SYPHON CHECK VALVE
RJK 313-002-5	RJK - YOKE ASSY 2 WIRE ASSY.
RJK 323-001-5	RJK - FUNCTIONAL ELEMENT - ADJUSTABLE
RJK 410-151-001	RJK - SYPHON CARTRIDGE KIT (THE RJK PUMP
RJK 410-153-001	RJK - STP CHECK VALVE (RED jacket pump)
RJK 852-200-5	RJK - 1.5 HP STP MOTOR
SEN VACAGAS	SENEY - GASKET - 296585-598
SILICONE	SILICONE
SOC ABS	ABSORBENT SPILL SOCK 3in X 4ft
LAM SOC-VAR	LAMP - HOLDER SOCKET
SPIPAD	SPILL PAD - WHITE FUEL ABSORBING
SVI B1765	10 5/8 ROTARY SEALS (JK221)in
SVI BH1799	HOIST-SEAL-ROTARY 10 5/8in
VAC VS9255	VACUUM SWITCH (CONNECT TANK MONITOR)
TAG CAP	TAG - BRASS CAPACITY TAG
TAG ID	TAG - PRODUCT ID TAG
TAG LINTANK	TAG - PRODUCT ID BANNER (FOR SPILL CONT.
TIL CEIL	CEILING TILE - PIONEER SPEC
TOK 132719-1	TOK - MAGNET KEY (BLACK) PROGRAMING
TOK 132719-2	TOK - MAGNET KEY (RED)  ATC ACCESS
TOK 225470-4	TOK - DISPLAY STANDOFF - PREM B
TOK 227257-1	TOK - 262 ON/OFF RESET SPRING
TOK 227492-1	TOK - TPX83 LOCK & KEY ASSY-STRAIGHT
TOK 231841-2	TOK - TPX 88 BARREL KEY
TOK 231851-1	TOK - CLIP - STAND OFF - MN DSPLY PREM B
0794380-352	VRT - DISCRIMINATING SUMP SENSOR (LONG)
0794390-409	VRT - INTERSTIAL DRY SENSOR (COBRAS)
0846400-001	VRT - MAG PLUS 4in FLOAT KIT (DIESEL)
0847970-001	VRT - STAND ALONE SENSOR - NON DISCRI
0849600-001	VRT - MAG PROBE 4in FLOAT KIT (DIESEL)
001-047784-J21	WAY - NOZ HOOK PLASTIC-V580 - NOZ BOOT
001-202022	WAY - OVA - DOOR KEY (TORX SECURITY BIT)
001-300817	WAY - PULSER ASSY. (1/ VISTA PUMPS)
001-300954	WAY - IMETER CHECK VALVE (LONG)
001-921042	WAY - OVA 1 & 2 - SPEAKER
002-301142	WAY - VISTA BLEND - SOLENOID VALVE
003-918509-	WAY - OVA - RED E-STOP BUTTON ON DISP
004-129642	WAY - LATCH-LOCK
004-300954	WAY - I-METER CHECK VALVE SHORT (PINK)
007-300825	WAY - OVA - IS BARRIER ASSY
000-127417-	WAY - VISTA - LOCK ASSY (KEY 1290) (PN4-
881015-R05	WAY - VISTA - MAIN DISPLAY (5 PPUftS)
881663-R02	WAY - PCB ASSY/ COMPANION D2400
883619-R01	WAY - VISTA BLD - COMPUTER BOARD
887223-001	WAY - PCB IGEM 24V DISTRIBUTION BD
887225-R01	WAY - AC DIST. RELAY BOARD
887693-003	WAY - OVA - PRINTER LOCK ASSY (KEY 1001)
887813-001-0W7	WAY - OVA - CARD READ/SPM PANEL (WHT1
888006-003	WAY - OVA - PTS PANEL (OLD STYLE 888872-
888687-001	WAY - OVA - GASKET PRINTER DOOR
889565-002	WAY - OVA - ATC TEMP PROBE
890008-003	WAY - 3 PRODUCT DISPLAY BOARD
W2893702-001	WAY - OVA - PROP VALVE & COIL W - 90 DEG
W2893702-002	WAY - OVA - PROP VALVE-STR (890570-001)
891569-001	WAY - OVA - PPU PCB CONTROL UNIT
891687-R01	WAY - DW-12 PRINTER (DW-10)
891965-R01	WAY - OVA - MAIN DISPLAY
892121-001	WAY - OVA - PPU CABLE  (892136-101/105)
892136-101	WAY - OVA - PPU DISPLAY BRD (GRADE 1/3/5
892136-102	WAY - OVA - PPU DISP/ 5 PROD / OLD STYLE
918931-KIT	WAY - MAG SWITCH KIT
ATC-SC86-FT	WAY - ATC BD - N/S Wayne
WM001908-R003	WAY - OVA - IGEM BOARD
887334-002	WAY - OVA - POWER 24V (WM027313-0001)
WU001636-0001	WAY - I-METER AGGRESSIVE SEAL KIT - DIE
ZCL GASK-32	ZCL - 32in SUMP GASKET
0576010-695	VRT - 3.5 VOLT BATTERY
ISO PROP - 20	ISOPROPYNOL ALCOHOL - 20 LT PAIL
DEC PTS-PREM	DECAL PTS OVERLAY - PREMIER (VARIOUS)
ECO 31211	TIMER BLOCK 101C
3M I/O	3M - INTERCOM I/O CARD (4 STATION)
BEN J696601	BENNETT - SPRING-RESET 4000
BEN H658901	BENNETT - CLUTCH HALF-RESET
BEN KC001401	BENNETT - METRIC GEAR KIT
BEN J358601	BENNETT - PULLEY-TYPE 75
BEN RBN757901	BENNETT - BOARD
BEN N510901	BENNETT - KEYPAD-6000
BEN J275701	BENNETT - ROTOR ASSY.-TYPE
BEN RBN717401	BENNETT - MAIN LCD DISPLAY
PMP 17002-1	PMP - RBT STD COMPU
BEN RBN554501	BENNETT - POWER SUPPLY BOAR
PMP 21003	PMP - BENNETT 4000 METE
BEN RBN622201	BENNETT - CPU BOARD - 6000
BEN RBN182701	BENNETT - DISPLAY BOARD WIT
CTL WES400	PULSER-WESTERN #4
CTL 92-076	C600 MOTHER BOARD
CTL 91-051	PRINTER MECHANISM
SWI ETHERNET	NET GEAR FS108 ET
VEL G0995	FILTER - VELCON O-RING HOU
VEL AD-21025	FILTER - VELCON INS - 15GPM
VEL AD-51225	FILTER - VELCON INS - 50 GPM
VEL VF-61E	FILTER - VELCON HOU
M05158A001R	GIL - GASBOY PULSE OUT
M08285A001	GIL - CONTACTLESS ANT.B
T16957-G1R	GIL - (PAM 1000) CONTROLLER BOARD
T16937-G1R	GIL - (PAM 1000) CPU BOARD
M07555A004R	GIL - (500S) POWER SUPPLY ASSY
PA02410010R	GIL - (PAM 1000) PAM 1000 UNIT- REBUILT
PA02410010	GIL - (PAM 1000) PAM 1000 BOX - NEW
Q10898-115	GIL - KEY REPLACEMENT - CH751
Q12534-170S	GIL - DIAGNOSTIC CARD
ENE0601G092	GIL - OVERLAY 7 BUTTON MEMBRANE (PETRO)
Q12514-02	GIL - SWITCH ACTUATOR
M00682B001	GIL - (EMV) CARD READER GRAY GASKET
M02802A001	GIL - CABLE - CALL INTERFACE
M03533A001	GIL - (300) GRADE SELECT BUTTON
N23342-02	GIL - PULLEY - IDLER
EU03007G001	GIL - OVERLAY - ALPHANUMERIC KEYPAD
N23196	GIL - (ADV)  LIP SEAL
M08412B001	GIL - (500) OPT PNL KEYPAD (8BUTT/12&6PI
PA028700000	GIL - ISOLATION RELAY BOX
M01814A001	GIL - INTERFACE BOX - S
CAB AC18	AIRCRAFT CABLE 1 (PER FOOT)
HOS CR-075-4	HOSE CRIMPED - 3/4in x 4ft
66V-1300	OPW - BREAKAWAY 1in  (SGL USE)
TSSP-MSB2R	INC - (EVO) TS 2001 MN BD - R
KRA DE-PR/LT	KRAUSE PRICE/LITRE TOTAL
KRA SK409	KRAUSE MICON RESET BOARD
KRA SK252	KRAUSE MAIN BD - MICON 1
KRA KIL 350 A7	KRAUSE KIL 350 A7 BOARD
LAM 500WQ	LAMP 500W QUARTZ
LED FIXSTR-CON	LED CONNECTOR - STRIP FIXTURE
BAL 240	BALLAST - F40 (2 BULBS)
BAL 215	BALLAST - F15T8 (2 BULBS)
LAM 1000MH	LAMP - 1000W MH
BAL EESB832-16L	BALLAST - 6-72 EESB
LED FIXSTR	LED STRIP FIXTURE
70533401	EBW - FOAM GASKET for 14in LID
OFF SET 150	OFFSET ADAPTOR 1
81440101	EBW - 14in MONITOR WELL LID (Test Well)
H12620	OPW - PLASTIC HATCH COVER (FOR 101BG)
EMC 493123	EMCO ALUMINUM LID
E00491	OPW - HATCH COVER ASSY -101BG (COMPLETE)
FC15-SWM24	OPW - 1.5in x 24in FLEX PIPE (M/M SWIVEL
PTV 20-4254	PTV - PV3500 CPU COOLIN
PTV 20-4258	PTV - C/OPT FUNCTION KEYPAD
PTV 20-4225-04	PTV - CARD READER KIT M
PTV C075-3012	PTV - CARD READER SINGL
PTV 20-4237-01	PTV - MANUAL MAGNETIC READER W/ BEZEL
PTV 75-3020	PTV - C/OPT MAG READER
PTV 20-4143	PTV - C/OPT DUAL HEAD CARD READER
PTV 20-4148	PTV - C/OPT RECEIPT PRINTER S
PTV 20-4161	PTV - SYSTEM2 2-HOSE CO
PTV 20-4223	PTV - C/OPT GRAPHIC DISPLAY ASSY
RJK 144-223-5	RJK - CHECK VALVE (QUANTUM)
RJK 410-152-001	RJK - CHK VALVE & DOME HOUSE KIt
RJK 880-047-1	RJK - ISOTROL CONTROL BOX C/W RELAY
TOK 316383-1	TOK - POWER SUPPLY 67 B
TOK 420332-5	TOK - RELAY BOARD 262A
TOK 419149-1	TOK - MOTHER BOARD - TC
TOK 421076-1	TOK - DISPLAY - DPT - N
TOK 422594-7	TOK - MAIN DISP-PREM C-
TOK 320247-CTE	TOK - DES MODULE - CTC
TOK 67 BOX	TOK - 67 BOX COMPLETE -
TOK 421799-1	TOK - VX DHC - MN BD.
TOK 422594-27	TOK - MN DISP-PREM A/E
TOK 018961-1	TOK - FLOAT VALVE GASKET
TOK 017526-1A	TOK - PUMPING UNIT PAPER GASKET
TOK 3808321	TOK -  METER GAS
TOK 113691-2	TOK - GS00120 TOK P.U.
TOK 227368-1	TOK - CORNER CAP LEFT S
TOK 222081-1	TOK - METER DRIVE SHAFT GEAR
TOK 037106-47	TOK - VISI-GLASS O
TOK 113776-1	TOK - PUMPING UNIT REGULATING POPPET
TOK 232108-1	TOK - LOCK CAM Bin SERIin
TOK 232841-1	TOK - TPX83 LOWER DOOR - PREM C
TOK 232739-5	TOK - PREMIER MICRO SWI
TOK 227316-1	TOK - 262 PROGRAM BUTTOM
TOK 318170-1	TOK - SPEAKER - TCS/PRE
TOK 226064-1	TOK - 1 X 3/4 OUTLE
TOK G032136	TOK - MERCURY SWITCH KI
PMP 25004	PMP - TOKHEIM IMPERIAL
TOK 321103-3	TOK - BLEND VALVE - COI
PMP 17002-5	PMP - RBT TRR COMPU
PMP 25001	PMP - TOK METER - US GA
TOK 316479-9	TOK - MOTOR 3/4 HP Premier B
3M 3570G-N	3M - SCOTCH PACK (VRT 514100-304)
331102-002	VRT - SENSOR 10ft CABLE (2 WIRE SENSOR)
330272-001	VRT - MAG & MAG PLUS PROBE 5ft CABLE
PMP 38012	PMP - V/R ELECTRIC RESET
794380-208	VRT - NON-DISCRIMINATING SENSOR (GRAY)
331391-010	VRT - DIM MODULE KIT
331408-001	VRT - DISP CONTROL MOD -10 AMP RELAY
0848480-001	VRT - PLLD TRANS (W/O SWIFT CHK)-TLS350
0794380-303	VRT - DUAL POINT HYDROSTATIC FLOAT SENSO
847490-104	VRT - 4 x PROB - 4 x THERMISTER MOD
857080-211	VRT - 12in MAG SUMP SMART SENSOR W/LEAK
329358-001	VRT - SENSOR/INTERSTITIAL MOD (8in)
330020-425	VRT - ETHERNET TCIP/IP BRD (TLS 350)
0329370-004	VRT - PRINTER & DOOR ASSY (TLS 350)
005-921076	WAY - O RING SOLENOID TO METER
888059-002	WAY - EMV - CABLE for QVGA
WU005744-001	WAY - OVA - NOZZLE BOOT FLAPPER KIT
PMP 26003	PMP - WAYNE ELECTRONIC
010-048015	WAY - I-METER (NEW)
OIL 10W30	10W30 MOTOR OIL
OIL HYD	HYDRAULIC OIL AW32
OIL NON DET	COMPRESSOR OIL
UNI PIPE	UNIVERSAL - 2in PIPE THREADED
DEC PTS-OVATION	DECAL PUSH TO START
CTL 92-015	C6000 PUMP INTERFACE BD
CTL 92-055	C600 CPU BD
CTL 92-516	C6000 PUMP CONTROL BD
TOK 416011-1	TOK - DISPLAY BD - 262 READOUT ASSY.
0886100-000	VRT - MAG PLUS 4in FLOAT KIT (ETH) 5ftCA
81040101	EBW - 11 1/2in MON WELL LID
W2893895-001	WAY - OVA - SECURED CARD READER  (PCI 3)
CIG FLAP	CIGARETTE FLAP
892131-001	WAY - PAY@PUMP DIS QVGA DISPLAY-OVAT 1
ENE0601G001	GIL - OVERLAY - CALL BUTTON BLACK BLANK
M12158A004	GIL - GASBOY ATLAS - MAIN DISPLAY
TS-LSU300	INC - LEAK SENSOR UNIT
M06587A001	GIL - GASBOY 9800 PULSE OUTPUT BD
M08072A001	GIL - (500S) SPEAKER ASSEMBLY
CTL 92-5118	C6000 DISPLAY -VFD - OLD STYLE
LAM F26CF	LAMP - 26W COMPACT FLUORESCENT - 4 PIN
WU000472-0001	WAY - SOFTKEY KEYPAD (LEFT QVGA) - 88998
WU000473-0001	WAY - SOFTKEY KEYPAD (RIGHT QVGA) - 8899
TS-CU	INC - LEAK SENSE CONTROL UNIT- ELECTRO
WU005346-0001	WAY - EMV - CONNECT BOX IN-STORE (Gray)
M08084B001	GIL - (- EMV) INPUT KEYPAD GRAY GASKET
TSP-KW4	INC - SENSOR PLUNGER STYLE CAP
CTL 92-001	POWER SUPPLY C600
WU008766-0001	WAY - CONTROL BD-ULT DSL ADDITIVE
M07333K001	GIL - (ENC) HEATER & FAN KIT
BEN H352101	BENNETT - RETAINER - PU LIP SEAL
COW 308380102550	DECAL - NO SMOK/ NO IGNI -13in X 4in - P
COW 308380102553	DECAL (PCP) - PUMP TALK.CA
COW 308380102552	DECAL (PCP) -  POINTS - 3.5in X 2.625in
COW 308381010020	DECAL (PCP) - PUMP NUMBER DECAL
WU007492-0001	WAY - ADDITIVE PUMP ASSY/ V-PWR DIE
M12982A001	GIL - (500S) NS PPU DISPLAY 3 GRADE W/CA
M10699A003	GIL - (500S) CABLE (PPU TO DOOR NODE)
M13193K002	GIL - (EMV) C/R METAL SHELD (M12492K001)
WU007425-0001	WAY - STEPPER DRIVE MOTOR CONTR. BOX
T92P7A22-120	PB - 30amp 120v SOLID STATE RELAY
W2893702-003	WAY - PROPORTIONAL SOLENOID VALVE
DC404C	INC - STAND ALONE SENSOR
WM001908-R004	WAY - SELECT - IGEM BOARD (for Select)
001-300927	WAY - OVA - NOZZLE BOOT SPRING (round)
ASI SSRF	ASI RELAY
M07689B002	GIL - (500S/ECIM) PRESET KEY PAD STANDAR
ENE1705G001	GIL - OVERLAY PRES KYPAD BLACK M07689B00
M14221K901005	GIL - (500S) CIM DOOR INSERT - WHITE
M07991A001005	GIL - (500S) PRINTER DOOR ASSY - WHITE
M13832B008	GIL - (EMV) PAPER CUTTER BLADE - USB PRI
LAM CAP1000MH	LAMP - 1000W MH CAPACITOR
ENE1705G009	GIL - OVERLAY PRES KYPAD WHITE M07689B00
BAL 672HO	BALLAST - 6 F72 HO
M04219A001R	GIL - (EMV) USB PRINTER (NO CHUTE)
CTL 92-521	LCD RETROFIT DISPLAY C6000
794380-622	VRT - GROUND WATER SENSOR - 10ft to 15ft
Q12514-11	GIL - (ENC) MAGNETIC PROX REED SWITCH &
M02321A001	GIL - (500s) HI FLOW SOLENOID VALVE KIT
WU001066-0001	WAY - OVA - NOZZLE HOOK PLASTIC
UNI 1943-2533	UNIVERSAL 25-33 SUMP COVERin
BAL 572HO	BALLAST - 5 F72 HO
T19301-G1R	GIL - IS BARRIER BOARD
M02321K005	GIL - (DEF) DIAPHRAM KIT 2 STAGE VALVE
T20262-G1R	GIL - (ADV) MAIN DISPLAY (With Speedpass
001-300967	WAY - STRAINER - OVATION
WU001091-0001	WAY - CABLE ASSY (SPM to CARD READER)
4023401	WAY - OVA/VISTA - ATC TOGGLE SWITCH
M06194K007R	GIL - (500S) 1 PRODUCT PPU DISPLAY (CENT
TSP-K4A	INC - SENSOR CAP & COLLAR KIT
M04623A001	GIL - GASBOY - ELECT RESET ASSY.
WU007058-0001	WAY - FLOAT SENSOR - ULTRA DIESEL
HATRISER	EBW - HATCH LID RISER SPOOL 2 INCH
892139-001	WAY - USB CABLE (A MALE TO B MALE) 8in
W2893222-003	WAY - OVA - PTS PANEL (GRADE 1/3/5) NS
846400-100	VRT - MAG PLUS 2in FLOAT KIT (GAS)
3M D2470	3M - CONTROLLER D2470
000-918856-KIT	WAY - RED LINK ADJUSTABLE BELT (V-TWISTE
892139-003	WAY - USB CABLE (A MALE TO B MALE) 12in
PMP 22020	PMP - ENC C+ METER - GIL T19976-G3S
E00516I	OPW - LID 19in (MONIT WELL)104A-OW1800
BAL 332	BALLAST - F32T8
LAM 50W-12V-HAL	LAMP 50W 2 PIN 12V HALOGEN - 41870 WFL
330404-010	VRT - INTERFACE MOD - WAYNE
HOS 058-8	HOSE - 5/8in x 8ft
H13257M	OPW - HOLD DOWN KNOBS (FOR SUMP LID)
21GU-0400	OPW - DEF NOZZLE -(NO MIS-FILL)-WAYNE
R20148-G4	GIL - ATC DATA CABLE (2 SGL PROBE CONNEC
PA024TC21S-RBT	GIL - (ADV) METER - REBUILT
M11997A002	GIL - (DEF) DOOR FLAP
CTL 92-202-P2	F220 COMPUTROL UNIT - RBT
M13118K006	GIL - (EMV) PCI2 KEYPAD 2.0 (NEW STYLE)
M07362A002	GIL - (500S) FUSE BOARD (FOR M07555A001)
634LPC-0400	OPW - FILL CAP - LOW PROFILE (METAL)
331214-001	VRT - LOW VOLTAGE DIM MOD
002-202021	WAY - OVA - QUICK RELEASE SCREW LWR DOOR
LAM SOC-HID	LAMP - HID SOCKETS - 250/400MH
M11697B001	GIL - CONTACTLESS CARD READER ANTENNA (G
BAL LED-100W/24V	BALLAST - LED 100W/24V - STRIP FIXTURE
BAL LED-150W/120V	BALLAST - LED 150W/24V - LSI FIXTURE
888282-001-0W7	WAY - OVA 1 -  FRIDGE DOOR (WHT)
889218-002	WAY - OVA - UPPER DOOR MAIN GASKET
M07991A001002	GIL - (500S) PRINTER DOOR ASSY - BLACK
M13977B001	GIL - GASBOY - HANDLE SPRING (ON/OFF)
E00630	OPW - LID CONQUISTADOR 44in BOLT DOWN
WU001158-0002	WAY - OVA- PTS BUTT GASKET WU00788-005
CTL 91-707	KEYFOB - HID PROX KEYS
CTL 92-084D	LOCK ASSY - C6000
78130011	EBW - 18in GRADE RING - 18in X 12in skir
K96618	GIL - (ENC) C PLUS METER SEAL KIT (GASKE
168820	WAY - GLOBAL - PRESET KEYPAD
WU001810-0001	WAY - OVA - P@P GLASS & BRACKETS PANEL
LAM 250HPS	LAMP - 250 HPS
887818-002-0W7	WAY - QVGA DISPLAY PANEL (WHT)
M14794K001	GIL - (500S) SHIM KIT (pulser M15182B001
Q11542-52	GIL - PAM TO D-BOX CABLE
M07956A002	GIL - (EMV) CABLE - KEYPAD TO SPOT
890112-002	WAY - PULSE OUTPUT BD
LAM F36CF	LAMP 36W COMPACT FLUORESCENT - 4 PIN
78145601	EBW - BLACK 39in SAFE-LITE FRP LID BL DW
DEC OK - WAYNE KEYPAD	DECAL - OK WAYNE KEYPAD (892638-001-009)
CTL 91-529	XS1000 SERIAL TO ETHERN DEVICE (UDS1100)
R20148-G5	GIL - ATC DATA CABLE (SGL PROBE CONNECTI
151213930	FEP - PIG TAIL (LEAD ASSY 156in & WIRE P
WU007681	WAY - DW2 KEY (ULTRA DSL KEY)
STP-MAGVFC	FEP - MAG VFC -VARI FREQUENCY CONTROLLER
888616-005	WAY - METER BASE O-RING FLURO - SINGLE
HOS WH-0581200	WHIP HOSE - 5/8in x 12in
HOS 075-8	HOSE - 3/4in x 8ft
HOS WH-0751200	WHIP HOSE - 3/4in x 12in
HOS 100-8	HOSE - 1in x 8ft
HOS WH-1001200	WHIP HOSE - 1in x 12in
M07979A002	GIL - (EMV) - SPOT INTERFACE BD CABLE
HOS CL-058	HOSE CLAMP 5/8 inch
887878-001-0W7	WAY - OVA - LH BLANK UPPER PANEL
M12962A001	GIL - (500S) RAIN SHIELD (FOR PPU DISPLA
WU003083-2-MNM23-R	WAY - RED BOARD (SHELL NEW VERSION)
HOS 058-7	HOSE - 5/8in x 7ft
M07957K019	GIL - (ENC) CABLE (FOR M0795A005)
M13128K004	GIL - (EMV) GASKET KIT (CR/KEYPAD/SPOT)
WU000371-0001	WAY - X WIP PULSER 8 PIN (PURPLE)
CTL 92-626	FLEET 220 MAIN BOARD C/W DISPLAY
TSP-HIS-XL	INC - INTERSTITIAL FLOAT SENSOR
RJK 344-004-5	RJK - PRESSURE STAT - (QUANTUM)
MAC 49-350-23P	3 WEATHER PROOF SPEAKER - MACNEIL WASHi
3M SPEAKER-W/P	3M - W/P 3.5 IN SPEAKER(78-802891792)-PC
3M PUSHBUT	3M - INTERCOM PUSH BUT-B1000/PBSB1-PCP S
846400-101	VRT - MAG PLUS 2in FLOAT KIT (DIESEL)
WU014426-0002-R	WAY - OVA 2 -  ZEBRA PRINTER
WM017958	WAY - CPU FLOAT ASSY
LAM F32CF	LAMP 32W COMPACT FLUORESCENT - 4 PIN
ENE0601G061	GIL - OVERLAY - CALL BUTTON - BLUE ESSO
M01585A001	GIL - (300/500) PPU CABLE
BAL LED-60W/24V	BALLAST - LED 60W/24V - PHILLIPS
UNI 212VPR-15-1535	UNIVERSAL - 1.5 LINE CHECK VALE - PRES
RPHK	OPW - STP HANDLE ASSY - CONQUISTADOR LID
R20773-G2	GIL - CABLE - LIGHT BD. MULTI PROTOCAL
ZCL GASK-39	ZCL - 39in SUMP GASKET
HOS 075-20	HOSE - 3/4in  x 20ft
SMI 2011CVR	SMI - 14in LID - CAST IRON
FIR EXTCAB-CATO	10LB PLASTIC FIRE EXT CABINET - CATO
EN06012G013	GIL - OVERLAY OPT PANEL - ESSO/IOL Blue
ENE0601G182	GIL - OVERLAY 7 BUTTON ULTRAMAR BLUE (1s
892141-001	WAY - Y CABLE  (SPM TO SOFTKEYS)
EN06012G047	GIL - OVERLAY BLUE - (M08412B001)-ULTRA
WM053972-0001	WAY - OVA 2 - PPU CONTROL BRD (NO PPU)
WU000637-0001	WAY - EMV -  GASKET FOR CARD READER
CIM 70068	FILTER CIMTEK - 1in HYDROSORB - 30M (HI
62M-0375	OPW - PROBE CAP & COLLAR ASSY (SHORT)
LAM 50W-12V-LED	LAMP - 50W 2 PIN 12V LED
EN06012G022	GIL - OVERLAY WHITE HUSKY - (M08412B001)
T19547-G1R	GIL - (D-BOX) DISTRIBUTION BRD W RJ45 CO
BAL 270T8	BALLAST - F70T8 - ICEHORSE (2 BULBS)
RJK 313-019-5	RJK - YOKE ASSY - 3 WIRE
600-0180	INC - PROBE CABLE (YELLOW)
0846400-000	VRT - MAG PLUS 4in FLOAT KIT (GAS)
WM040824-0007	WAY - OVA 2/HELIX - SINGLE PPU DISPLAY7
78220412	EBW - ALUMINUM DROP TUBE 12ft X 4in
329211-001	VRT - PRINTER PAPER ROD (HOLDER)
WU007392-0001	WAY - ULT DSL TUBE & SENSOR ASSY
CIM 70020	FILTER CIMTEK - 1in CELLULOSE - 30M HI V
892638-005-005ESMC	WAY - SPM KEYPAD - INJ MONERIS (Esso)
RJK 880-051-1	RJK - IQ CONTROL BOX
70551911	EBW - RUBBER GASKET 14in SPILL CONT. LID
LAM F15T8	LAMP-  F15T8
BUL IPP320	BUL - PIN PAD BULLOCH INJECTED -CIRCLEK
10RFP-2002	OPW - 2in SHEAR VALVE ASSY
HOS 100-17	HOSE - 1in x 17ft
DEC No Smok-Ign-Cell	DECAL NO SMOK/ NO IGNI/NO CELL 15in X 6i
RDR C43260-101	RDR - NEPTUNE METER CHAMBER
PMP 28015	PMP - LC M-5 ADJUST (2 SCREW DUST COVER)
M01068B103	GIL - MOTOR 3/4HP CW O 110/120-230V/50/6
M06333K9800AQR	GIL - GASBOY CPU BOARD For 9852K/9853K
RDR NEPTUNE SEAL	RDR - NEPTUNE TOP METER RED SEAL KIT
21GU-040G	OPW - DEF NOZZLE -(NO MIS-FILL)- BSPP
ENE0612G064	GIL - OVERLAY 7 BUTT - INTERCOME IRVING
RDR DF-501-S	RDR - DIAL FACE (SGL DISPLAY CENTRE VIEW
10RPLUS-0152	OPW - 1.5in SHEAR VALVE TOP DP BLUE BLAD
PMP 80215	PMP - COLORED INDICATOR LENSES
ENE1702G001	GIL - OVERLAY - ALPHANUMERIC  (FOR M0776
M01109B003	GIL - OVERLAY - OPTION KEYPAD
M07555A003	GIL - (500S) POWER SUPPLY (M07121A002)
RDR 0029-C	RDR - DIAL FACE RETAINER CLIPS
M16103B001	GIL - GASKET/ SPOT DISPLAY
M04920K105	GIL - BENNETT - LIP SEAL PUMPING UNIT
RJK 116-058-5	RJK - MECH. LEAK DETECTOR - DIESEL (MLD)
332813-001	VRT - TLS 450 - UNIVERSAL I/O INTERFACE
857080-111	VRT - 12in MAG SUMP SMART SENSOR
WU000371-0002	WAY - X WIP PULSER 4 PIN (PURPLE)
DEC 888459-103-355	DECAL SHELL: 87/89/91 - OV1 (FR)
PMP 62500	PMP - TRI LED LIGHT BAR UPGRADE fOR VRT
63369	GIL - STRAINER GASBOY 9850 - ASSY-150
PTV 20-6203	PTV - C/OPT USB PRINTER (12v new style)
21GU-050G	OPW - DEF NOZZLE  GIL-(W/ MIS-FILL)-BSPP
60V-DEF	OPW - DEF IMPACT VALVE - S/S
RDR 1028-2	RDR - DOG BONE SHAFT 2in
BAY BZ4051	BAYCO - FILL COLLAR ADAPT. BRASS 4 TALL
BAY BZ4051S	BAYCO - FILL COLLAR ADAPT. BRASS 4 Short
BUL TM-T2011-062	BUL - EPSON RECEIPT PRINTER
M01068B102	GIL - MOTOR 3/4HP CW 110/220-230V 50/60H
CAT C720	CATLOW - 3/4in SWIVEL C720
CIM 70100	FILTER CIMTEK - 1in HYDROSORB - 30M
CRO 10705L	COUVERT 6 BOITE ELECTRIQUE EGJ422in
DIX BZ4051S	ADAPTEUR BRASS4 SHORT B TITEFILL (anciei
62130001	EBW - 1.5in NIPPLE CHECK VALVE - RELIE
662500202	EBW - SHEAR VALVE TOP FEM 1.5in SGL POP
662501902	EBW - SHEAR VALVE 1.5in DBL POP
70544011	EBW - 14in CAST IRON LID W/RECT HANDHOLE
77210901	EBW - 6in MONITORING WELL PLUG
SWF-100-B	EBW - 4in FILL COLLAR SWIVEL ADAPTOR
M04920K116	GIL - PUMPING UNIT SINGLE BLADES (BENNET
ENE0601G131	GIL - OVERLAY 7 BUTT - ULTR ANTISTA AIDE
ENE0601G133	GIL - OVERLAY 7 BUTT - ULTRAMAR BLEU AID
ENE0601G195	GIL - OVERLAY 7 BUTT - ESSO SYNERGY BLUE
ENE1702G003	GIL - OVERLAY  ALPHANUMERIC KEYPAD (fr)
400147930	FEP - CLAMP VALVE ASSY SPARE PART
400172930	FEP - WIRE CONNECTOR
400988933	FEP - CHECK VALVE - TYPE W (Low press)
402459931	FEP - CHECK VALVE (High Press - 65PSI)
403168901	FEP - MLD - LEAK DETECTOR/ GAS (New Gen
403170901	FEP - MLD - LEAK DETECTOR/ DIESEL
VAC GAUGE	VACUUM GAUGE - 2.5in (0-30Hg)
ENE0601G064	GIL - OVERLAY CALL BUTTON ESSO BLEU - FR
ENE0601G073	GIL - OVRLAY - ULTRAMAR BLEU- AIDE (FR)
ENE0601G130	GIL - OVERLAY 7 BUTT - ULTR ANTISTA CALL
ENE0601G183	GIL - OVERLAY 7 BUTT - ULTRA BLEU AIDE D
ENE1705G015	GIL - OVERLAY ALPHA PRESET E500S
K34673	GIL - KEYLOCK LOWER PANEL (KEY GBCO)
M00047A001R	GIL - (500) STP CONTROL RELAY BOARD
M01047A007	GIL - (500) NOZ BOOT - LIFT TO START -RI
M01872A002	GIL - MAG READER CABLE
M04379B003	GIL - CONNECTOR PHOENIX/ 3 WIRE J2
M04388A001	GIL - CABLE VARISTOR 130V
M04466B001	GIL - (500) BACKLIGHT ARRAY (3 LED LIGHT
M06380A003	GIL - TRIND ASSY
M07763B002	GIL - (500S) ALPHANUMERIC KEYPAD
M08472A002	GIL - (TRIND) INTERFACE BOARD
M13832B005	GIL - (EMV) BLUE LOCK PINS (USB PRINTER)
Q11008-02	GIL - (DEF) RELAY 25 AMP (DEF Heater)
Q12444-04	GIL - (500) DOOR NODE CRYSTAL REPLACEMEN
30420001	EBW - VAPOUR RECOVERY CAP 4in (ORANGE)
T17701-G1R	GIL - (LEGACY) MAIN DISPLAY
T19405-G3	GIL - (ATC) T-METER BOARD & HOUSING
HOS 100-9GR	HOSE - 1in x 9ft (GREEN)
HOS WH-075900GR	WHIP HOSE - 3/4in x 9in (GREEN)
HOS WH-100900GR	WHIP HOSE - 1in x 9in (GREEN)
M01546A001R	GIL - (300) HYDRAULIC INTERFACE BOARD
M06333K9850R	GIL - GASBOY CPU BOARD REBUILT (LC Adjsu
M08430B002	GIL - (ENC) ECIM KEYPAD OPTIONS EPP
M09922K001	GIL - ULTRA-HIGH INTERFACE KIT W/GROUND
M10075A005	GIL - (ENC) DEF CONDUIT & CABLE
M12702A003	GIL - PUMP CONTROL NODE 3 (M01922A007) C
889784-002	WAY - OVA -  PRINTER GASKET for DW-12 /1
104A-1200	OPW - 12in MANHOLE LID (CAST IRON)
104AOW-0800	OPW - 8in MONITOR WELL LID (BOLT DOWN)
10BF-5725	OPW - 1 1/2 EMERGENCY VALVE COMBO BODY
1290-0050	OPW - NOZZLE 1.5in DIESEL
1711LPC-0300	OPW - 4in LOW PROFI VAPOR RECOV CAP-Meta
PTV 20-4023	PTV - C/OPT NUMERIC 4 X 7 KEYPAD
PTV 20-4219	PTV -C/OPT PRINTER (OLD STYLE)
634TE-7085	OPW - 3in FILL CAP SGL LEVER (DURATUFF)
634TT-7085-EVR-NA	OPW - 4in FILL CAP - NYLON - DURATUFF
39CD-WT10	OPW - 39in CONQUISTADOR MANHOL BOLTDOWN
44CD-WT10	OPW - 44in CONQUISTADOR MANHOL BOLTDOWN
H12280M	OPW - RINGSEAL (FOR 101BG - E00491)
H13214M	OPW - 33in SUMP LID SEAL (Gasket)in
RTC-RED	OPW - LID - RED (700L SERIES) COVER
RTC-WHITE	OPW - LID - WHITE (700L SERIES) COVER
RTC-YELLOW	OPW - LID - YELLOW (700L SERIES) COVER
892638-005-005IG	WAY - SPM KEYPAD - INJ GLOBAL
M13855A001	GIL - (500S) DEF DOOR FLAP W/HANDLE
RJK 410-153-002	RJK - HIGH PRESSURE CHECK VALVE KIT
RJK 410-154-001	RJK - ORING KIT (4in STP HOUSING)
10RFTP-5752	OPW - 2in SHEAR VALVE TOP (Poppet)
TOK 318349-2	TOK - BATTERY FOR 262A/TCS
312020-952	VRT - PROBE CAP & COLLAR
329326-001	VRT - DISPLAY TLS350 REBUILT
329356-002	VRT - PROBE THERMISTOR MOD (4in)
330374-001	VRT - PLLD PRESS LINE LEAK CONT BD
330843-001	VRT - PLLD INTERFACE MOD (6in) - TLS350
847490-001	VRT - TLS 350 EXPANSION BOARD
001-201917	WAY - SWITCH/ SENSOR PROXIMITY A
888341-001	WAY - OVA -  DISP. PANEL GASKET
888341-005	WAY - OVA - PAYMENT OPTION PAN GASKET
DEC PB-REG-A-F1	DECAL SHELL: 87 ACTUATOR (FR)
DEC PB-89-A-F1	DECAL SHELL: 89 ACTUATOR (FR)
DEC PB-91-A-F1	DECAL SHELL: 91 ACTUATOR (FR)
DEC PB-D-A-F1	DECAL SHELL: DIESEL ACTUATOR (FR)
DEC PB-VPD-A-F1	DECAL SHELL: VPOWER DIESEL ACTUATOR (FR)
888610-003	WAY - OVA - GASKET FOR PRINTER DOOR
888798-005	WAY - IX PAY CABLE (QVGA to IX BRD)
892638-005-009COUC	WAY - SPM KEYPAD - INJ COUCHE-TARD
WM031449	WAY - STRAINER I-METER
WM040524	WAY - KEY PAD SOFT KEY 5.7
WU000310-0002	WAY - OVA - GASKET FOR SPM (KEYPAD)
WU003083-2-MBG24-R	WAY - RED BOARD (BULLOCH/ESSO)
WU007116-0001	WAY - OVA - PUMP RELAY BOARD
890140-001	WAY - OVA - E STOP BUTTON KIT
FMP-DIS	INC - SUMP SENSOR (TSP-DIS)
71SO-4000	OPW - OVERFILL VALVE - 71SO 5'to 8'
CIM 70012	FILTER CIMTEK - 3/4in CELLULOSE - 30M
329389-001	VRT - IS BARRIER BD (TLS 350)
857080-212	VRT - 24in MAG SUMP SMART SENSOR W/LEAK
WU012783-0001-R	WAY - OVA 2 - DW-14 PRT (NO SENS-CABLE)
WU003091-0003	WAY - OVA - NOZZLE BOOT ASSY - PLASTIC
WM040824-0011	WAY - OVA 2/HELIX - SINGLE PPU DISPLAY11
WU000805-0005	WAY - OVA - PTS SELECT SWITCH WITH LED
WU004677	WAY - OVA2 - 5.7 P@P DISPLAY (QVGA SCREE
CIG RAIL	CIGARETTE CABINET RAIL
CIG HINGE	CIGARETTE CABINET HINGE
M04466B010	GIL - (ENC) BACKLIGHT ARRAY (3 LED LIGHT
WM041368-0002	WAY - HELIX - MAIN DISPLAY SALES/VOLUME
M14100A001	GIL - (DEF) TEMP CONTROL BD
BUL OCTOBOX	BUL - OCTOBOX for BULLOCH
10RPLUS-0150	OPW - 1.5in SHEAR VALVE TOP - BLUE BLAD
M07333K003	GIL - (ENC) HEATER & FAN KIT W/CABLE
CIM 70104	FILTER CIMTEK - 1in MICROGLASS - 10M
PTV 20-4231	PTV - C/OPT WEATHER SHIELD COVER ASSY
DEF MPA1.0-10S1E	1 micron x 10 dbl open cartridge filteri
329357-001	VRT - TLS350 MOTHER BOARD
DEF GASK-3101-E	SHELCO EPR Gasket for RHS & RBH Housings
WU015106-0001	WAY - OVA 2 - KEYPAD PUSH CAP QVGA (5.7)
M07220K001	GIL - (500s) HI FLOW SOLENOID VALVE ONLY
WU009627-0001	WAY - OVA 2 - P@P GLASS VGA - IR FILM
M12088A001	GIL - (DEF) PUMP HANDLE CABLE
CIM 70028	FILTER CIMTEK 1in MICROGLASS - 10M HI
CIM 70058	FILTER CIMTEK - 3/4in  MICROGLASS - 10M
CIM 30195	FILTER CIMTEK - BIODSL CARTRIDGE - HI VO
19DEF-0500SS	OPW - NOZZLE 3/4in DEF (BLUE) NPT THREAD
M06143A004R	GIL - (SPEEDPASS) ORANGE LIGHT INDICATOR
M08037B002	GIL - (PAM 5000) EXPANSION MODULE KIT
21GU-0500	OPW - DEF NOZZLE WAY/BEN (W/MIS-FILL)
332812-006	VRT - TLS 450 - UNIVERSAL SENSOR/PROBE M
APT SBK-25	APT - STABALIZER BAR KIT W/PLATE
M14613A001	GIL - (500) VALVE DRIVER BOARD
M14542A001	GIL - E700/E500S ATC & IS MAIN M12510A00
M14203A001	GIL - (E700) ATC CONDUIT & CABLE BARRIER
WU001701-0001-0W7	WAY - ADDITIVE MOLD WELL COVER  - WHT
891140-001	WAY - PC TO PRINTER CABLE ASSY
101BG-COVER	OPW - 19in COMPOSITE LID
892645-002-060	WAY - SPM Decal/ Right Side
WU007388-0001	WAY - TUBE TOP CASTING/ PRESSURE SENSOR
WU007391-0001	WAY - ADDITIVE TUBE/ PRESS.SENSOR TO MTR
WU009754-0001	WAY - OVA 2 - PRINTER DOOR LOCK (Southco
LAM ABB-CL-513X	LAMP - Round STP RUN LED - Color Spec(X
66RB-2000	OPW - BREAKAWAY 1in (RECONNECTABLE)
21GU-SSB	OPW - DEF 1in SWIVEL/RECONNECT BREAKAWAY
241TPS-0241C	OPW - SWIVEL 3/4in (90 DEGREE)
45-5075	OPW - SWIVEL 1in  (45 DEGREE)
Q12444-03	GIL - (300) DOOR NODE CRYSTAL REPLACEMEN
101BG-21LA	OPW - RED LEVER ARM ASSY FOR HATCH ASSY
DSM BANDEREMPL-REG	BANDE DE COULEUR - REGULAR
DSM BANDEREMPL-SUP	BANDE DE COULEUR - SUPER
DSM BANDEREMPL-DSL	BANDE DE COULEUR - DIESEL
CIM 70065	FILTER CIMTEK - 1in HYDROSORB - 30M (DIE
T19560-G1R	GIL - (LEGACY) I/S BARRIER BOARD
66REC-1000	OPW - BREAKAWAY 3/4in  (RECONNECTABLE)
45-5060	OPW - SWIVEL 3/4in  (45 DEGREE)
HOS 100-8-6	HOSE - 1in x 8ft 6in
634TT-4000	OPW - FILL CAP 4in ALUMINUM
DEN TAPE-400	DENSO TAP 4in (roll)
78130401	EBW - 19in FIBERGLASS LID - BLACK
78130402	EBW - 19in FIBERGLASS LID - WHITE
78130403	EBW - 19in FIBERGLASS LID - RED
78130405	EBW - 19in FIBERGLASS LID - YELLOW
78130407	EBW - 19in FIBERGLASS LID - ORANGE
WU002126-0001	WAY - ADDITIVE CAP C/W GASKET
CIM 70064	FILTER CIMTEK - 3/4in HYDROSORB - 30M
HOS 075-8-6GR	HOSE - 3/4in x 8ft 6in (GREEN-VERT)
68EZR-1010	OPW - BREAKAWAY 1in RECONNECTABLE
CIM 70016	FILTER CIMTEK - 1in CELLULOSE - 30 MICRO
APC 1350VA	APC UPS BACKUP
66V-0300	OPW - BREAKAWAY 3/4in (SGL USE)
HOS 100-6	HOSE - 1in x 6ft
HOS 075-6	HOSE - 3/4in x 6ft
HOS 075-7	HOSE - 3/4in x 7ft
HOS 058-4	HOSE - 5/8in x 4ft
HOS 058-5	HOSE - 5/8in x 5ft
HOS 075-9GR	HOSE - 3/4in x 9ft (GREEN)
UNI 212B-15	UNIVERSAL - 1.5in LINE CHECK VALVEin
78130201	EBW - 12in FIBERGLASS LID - BLACK
77720202	EBW - FILL CAP 4in ALLUMINUM
19DEF-050LSS	OPW - NOZZLE 3/4in DEF BSPP
RDR 8112	RDR - ON/OFF ACTUATOR ASSY
BAY SA4050BZ	BAYCO - BRASS FILL CAP 4in
E107-99	2 SCREW ON VENT CAPin
70521001	EBW - LOWER HATCH BRACKETS
78140001	EBW - 12in Cast Iron Replacement Lidin
HOS WH-058600	WHIP HOSE - 5/8in x 6in
HOS WH-075600	WHIP HOSE - 3/4in x 6in
HOS WH-075800	WHIP HOSE - 3/4in x 8in
WM036596	WAY - PAPER SENSOR CABLE KIT (PT#WM0365
RJK 884-034-5	RJK - RETRACTOR BOX PUMP MOUNT STYLE
RJK 410-484-001	RJK - AIR PURGE KIT - BRASS
PMAH-200	FEP - STP HIGH PRESSURE 2HP - 208-230V
78130404	EBW - 19in FIBERGLASS LID - BLUE
HOS WH-100600	WHIP HOSE - 1in x 6in
0848480-003	VRT - PLLD TRANS (WITH SWIFT CHK-TLS350
MOR 137-0300	MORRISON 2 ANGLE CHECK VALVEin
HOS WH-100800	WHIP HOSE - 1in x 8in
M11714A002	GIL - GASBOY ATLAS MAIN DISPLAY
CIM 30002	FILTER CIMTEK E10 ELEMENT/CARTRIDGE
CIM 50004	FILTER HOUSING  1in MPT x 1inMPT x 1in f
CIM 50032	FILTER HOUSING CONCAVE (1 in x 1in x 1i
CIM 70019	FILTER CIMTEK - 1in CELLULOSE - 10M HI V
CIM 50003	FILTER HOUSING  3/4in MPT x 3/4inMPT x 3
887776-001-0W7	WAY - PANEL BLANK WHITE
GRA 107-999	2 THREADED VENT CAPin
203666	OPW - CONQUISTADOR STP LID HANDLE RECES
WU011269-0001	WAY - SOFT KEY (5.7 BRACKET) MONOCHROME
PMP 80103	PMP - WAY I METER REPAIR KIT (GAS)
PMP 80170	PMP - WAY I METER REPAIR KIT - (DIESEL)
883341-001	WAY - OVA - PTS PANEL GASKET (888006-003
CIM 70062	FILTER CIMTEK - 1in HYDROSORB - 10M - LO
10BHMP-5830	OPW - 1.5in SHEAR VALVE DP - MALE THREAD
WU003083-2-CBG24-R	WAY - RED BOARD  (ESSO)
WM003714-001	WAY - GLOBAL - MAIN DISPLAY -with 1 PPU
WM003714-002	WAY - GLOBAL - MAIN DISPLAY -with 3 PPU
WM040446-0007-R	WAY - X-FLO METER WITH PULSER - CORE
WM029220-0001	WAY - XFLO - CHECK VALVE (MINNESOTA)
WU010312-0001	WAY - EMV - SPM GASKET (KEYPAD)
WU014558-0001	WAY - GASKET - GLASS 12IN OPENING
M06143A002R	GIL - (SPEEDPASS) RED LIGHT INDUCTOR BD
M04379B002	GIL - CONNECTOR  - 2 WIRE
M04379B004	GIL - CONNECTOR - 4 WIRE
331014-001	VRT - SWIFT CHECK (VALVE ONLY)
ENE0601G132	GIL - OVERLAY 7 BUTT - ULTRAMAR BLUE CAL
M04466B003	GIL - (ENC) BACKLIGHT ARRAY (2 LED LIGHT
DIX G4000AS	GASKET - SQUARE RING4 POUR ADAPTEUR BRAi
M07946A001	GIL - (EMV) CABLE 2 WIRE/CASH A/SP DATA
PMP 38003-5	PMP - GASBOY RESET VRR 5-WIRE 8.5ft LONG
M13805B001	GIL - SECURITY SPACER - METER
RJK 144-369-5	RJK - SPIKE CHECK VALVE KIT (QUANTUM)
329999-001	VRT - PUMP SENSE MOD (4in)
M07949A001	GIL - CABLE - SPOT TO SIP TCR INTERFACE
WU010059-W007	WAY - OVA 2 - COVER UPPPER LEFT NO OPTIO
104A-1800	OPW - 18in MANHOLE LID - Not Bolt Down
ZCL COVER-32	ZCL - 32in STP SUMP COVER  (FIBERGLASS)
WU005093-0002	WAY - INTRINSIC SAFE BARRIER (ISB) 1 CH
WU006777-0001	WAY - BOARD TANK LEVEL SENSOR (ADDITIVE
MET 1071-ST	IMPULSE METER 100:1 - WW FLUID
MET 1071	IMPULSE METER 100:1 - OIL/ANTIFREEZE
RBT WU007492-0001	REBUILT - STEPPER MOTOR/PUMP-VP DIESEL
DEC 888460-001-088	DECAL CO-OP: DIESEL PTS
DEC 888460-001-374	DECAL CO-OP: REG PTS
DEC 888460-001-375	DECAL CO-OP: MID PTS
DEC 888460-001-091	DECAL CO-OP: PREM PTS
W2893895-002	WAY - OVA 2 - SECURED CARD READER (PCI 5
WU018649-0001	WAY - IS BARRIER - ULTRA DIESEL-COMPLETE
400629901	FEP - PRESSURE RELIEF SCREW
WU009740-0002	WAY - OVA 2 - PRINTER DOOR COVER W SLOT
WU018167-0001	WAY - OVA 2 - PPU VISOR (SHIELD) KIT GEN
ENE0601G077	GIL - OVERLAY IRVING (FR AIDE)  (M08412B
EN06012G064	GIL - OVERLAY  - AIDE IRVING (FR)
WU009898-0001	WAY - OVA 2 - PWR CABLE ASSY FOR DW-14
M13888K401F	GIL - FP 4 - E700 KEYPAD - UPM GLOBAL
WU015598-0002	WAY - GLASS ASSY - 5.7 PCAP QVGA - WHITE
77210201	EBW - 4in MONITORING WELL PLUG
WU015107-0001	WAY - OVA 2 - KEYPAD PUSH CAP VGA (10.4)
BUL LAN3000	BUL - PIN PAD BULLOCH LAN3000 (W/SOFTWA
BUL QSTAN-LANE3000	BUL - PIN PAD STAND (FOR PINPAD 3000)
SGP0150	OPW - 1.5in FLEXPIPE QUAD RING (GASKET)
ENE0601G082	GIL - OVERLAY 7 BUTTON MEMBRANE- NOIR
857080-112	VRT - 24in MAG SUMP SMART SENSOR
ENE0601G176	GIL - OVERLAY - INTERCOM IRVING (ENG)
M04547A001	GIL - (500) PPU CABLE - LEFT
WM000612-0002	WAY - ORING 3.5: 35.5 ID
WU002986-0003	WAY - METER TO INLET/ SQUARE ORING
M14330A001	GIL - FLEX PAY 4-E700 CARD READER-VERIF
VRT 846397-107-SHELL	VRT - SHELL - MAG PLUS 8ft PROBE
VRT 886100-000-SHELL	VRT - SHELL - MAG PLUS 4in FLOAT KIT
VRT 846397-108-SHELL	VRT - SHELL - MAG PLUS 9ft PROBE
WU004912-0002	WAY - EMV - SPM BATTERY ASSY
BUL TRPOMNI	BUL - UPS BATTERY BACKUP - TRIPP LITE
M04547A002	GIL - (500) PPU CABLE  LH DOOR
PTV 13-0034	PTV - C/OPT LOCK ASSY (REPLACEMENT)
WM040482	WAY - TELESCOPIC SUPPORT- DW-14 PRINTER
C999	BOITE EXTINCTEUR METAL 10LBS
PF999	VITRE BOITIER EXTINCTEUR METAL
LFC999	TOP AVEC SERRURE BOITE
TS-LSU500	INC - BLUE PLLD TRANSDUCER
FMP-HIS	INC - HYDROSTATIC BRINE SENSOR
881141-001	WAY - DW2 - ADDITIVE DOOR LOCK & KEY
WM040823-0002	WAY - OVA2 MAIN SALES/VOLUME DISPLAY MOD
WU002161-0002-0W7	WAY - ULTRA DIESEL ADDITIVE WELL ASSY -
WU005093-0001	WAY - INTRINSIC SAFE BARRIER (ISB)- 3 CH
WU001701-0001-J21	WAY - ADDITIVE MOLDED WELL COVER - BLACK
MUL 200851	ADDITIVE PUMP SEAL KIT
WU011615-0001	WAY - OVA 2 NEW VERSION - PTS BUTTON (15
M14757K001	GIL - TORX SCREWS(EMV)
M00884B001	GIL - ENCORE PTS SPRING
WM002290	WAY - Programming Remote Control
200143	OPW - SAFETY HUB/SHEAR VLVE ARM-10RPLUS-
BUL YLAPDT	BUL - LILLIPUT POWER SUPPLY
81030201	EBW - 10in Monitor Well w/ Skirt
W2894440-105-004	WAY - SPM KEYPAD - SHELL MON CEN (SHA2)
1C-2100C-PEVR	OPW - 5 GAL GRADE LVL THREAD-ON SPILL CO
888353-001-447	WAY - OV Lower Door/ Shell/ Side A
888353-001-698	WAY - OV Lower Door/ Shell/ Side B
0330020-621	VRT - TLS 450 - I/O BACKPLANE MOD
0330020-622	VRT - TLS 450 - COMMUNICATION BACKPLANE
0330020-795	VRT - TLS 450 CPU MAIN BOARD (333457-001
0330020-623	VRT - TLS 450 POWER SUPPLY (332546-001)
0330020-624	VRT - TLS 450 A/C INPUT MOD(332662-001)
WU010150-0224	WAY - OV2 Lower Door/ Shell Side B
WU010150-0223	WAY - OV2 Lower Door/ Shell Side A
WU005427-0001	WAY - QUAD CHANNEL LED DRIVER BOARD
21GU-H17G	OPW - HOSE DEF  17ft X 1in (Blue)
WU002617-0001	WAY - LED Indicator Arrow
332818-001	VRT - TLS 450 - FAX MODEM MOD
333149-001	VRT - TLS 450 - EDIM MOD - SHELL
0330020-772	VRT - TLS 450 - TOUCH SCREEN DISPLAY
0330020-773	VRT - TLS 450 - PRINTER
0330020-759	VRT - TLS 450 - CPU BATTERY
889691-001	WAY - VR RESET - WAYNE RELIANCE
0330020-620	VRT - TLS 450 - INTERFACE I/O MOD
0330020-619	VRT - TLS 450 - USM UNIV SENS/PROBE MOD
WU020893-0001	WAY - NOZZLE BOOT FLAPPER HARD STOP KIT
PET 40510D-AD	FILTER-PET CLR - 1in Ethan & Water(10M)
APT 99985553	TRANSITION SUMP GASKET
M04588A001R	GIL - (500) SGL PPU DISP W/ SWITCH
886486-002	WAY - CABLE ASSY  48in
888916-001	WAY - GEAR /56T20PA 1.813in
CAT6 CABLE	CAT6 CABLE  (PER FOOT)
WU001574-0001	WAY - Push pin/ Rivet- Plastic
002-122583	WAY - SHIM  W.252 x 15/32 x0.015SS
DEC PIPE DECALS	DECAL - CPPI PRODUCT ID
NT-SOFTCAP	CLEAR CAP (FOR NOZZLE TALKER)
001-921076	WAY - O-RING
888912-001	WAY - SHIM-3/8 ID x 5/8in ODin
NEP 100138-003L	Buna O-Ring
916550	WAY - BEARING
TOK 230492-5	TOK - DPT Thermal Paper B
001-921115	WAY - WELL-NUT
DEC PB-REG-A-E1	DECAL SHELL: 87 PTS
DEC PB-89-A-E1	DECAL SHELL: 89 PTS
DEC PB-VPD-A-E1	DECAL SHELL: VPOWER DIESEL PTS
DEC PB-91-A-E1	DECAL SHELL: 91 PTS
890510-001	WAY - OVA -  DOOR BLACK INSERT
888341-002	WAY - OVA - PTS PANEL GASKET
LAM F13CF	LAMP - 13 W TWIN TUBE
RET WEIGHT	RETRACTOR WEIGHTS (HI HOSE RETRIEVER)
887693-005	WAY - OVA - PRINTER KEY (KEY 1001)
WM045965	WAY OVA - LATCH FOR ADDITVE DOOR LOCK
8B-0500	OPW - SPLASH GUARD (11B)BLUE- BLEU
8BL-0400	OPW - SPLASH GUARD (11B)BLACK-NOIRE
8DB-0555	OPW - SPLASH GUARD (11B)DARK BLUE - BLEU
8G-0100	OPW - SPLASH GUARD (11B)GREEN- VERT
8HBL-040	OPW - SPLASH GUARD (7H) BLACK- NOIRE
8HG-0100	OPW - SPLASH GUARD (7H) GREEN - VERT
8HY-0900	OPW - SPLASH GUARD (7H)YELLOW- JAUNE
8R-0300	OPW - SPLASH GUARD (11B)RED-ROUGE
8Y-0900	OPW - SPLASH GUARD (11B)YELLOW- JAUNE
SPIPAD-WATER	SPILL PAD - GRAY WATER ABSORBING
M07574B001	GIL - (500S) HCR MOUNTING BRACKET KIT
D01530M	OPW - PLASTIC NOZ BARREL GUARD - D01530M
LAM F6T5CW	LAMP - F6T5CW LIGHT TUBE
001-921120	WAY - TOGGLE SWITCH
CAT 43305	CATLOW - LOW PRESSUR SEAL (310 PUMP)
002-300206	WAY - METER DRIVE GEAR
GIR FOB	Proximity FOB: GIR FMS
K51042	GIL - CYLINDER COVER GASKET
HUS HW-4145	HUSKY HANDWARMER - X/XS
001-422259	WAY - LIFTER LEVER
DEC FUEL SIGN - SMALL	DECAL Fueling Instruction No Number  Sma
ERI 442-0016	FTOUT OF ORDERFT NOZZLE COVER
WU005372-0006	WAY - ORING DOUBLE BUMP(005-921130)
M01993B001	GIL - (ENC) BUMPER RETRIEVER STOP
C03647MN	OPW - HAND WARMER (11B)GREEN- VERT
C03649MN	OPW - HAND WARMER (11B)LT BLUE- BLEU PAL
C03655MN	OPW - HAND WARMER (11B)YELLOW- JAUNE ISO
C03802MN	OPW - HAND WARMER (11B) DARK BLUE- BLEU
E00304MN	OPW - HAND WARMER (11B) RED- ROUGE
E00308MN	OPW - HAND WARMER (11B) BLACK- NOIRE
E00324MN	OPW - HAND WARMER (7HB) BLACK- NOIRE
E00326MN	OPW - HAND WARMER (7HB) GREEN-VERT
H11923MN	OPW - HAND WARMER (7HB) YELLOW- JAUNE
KAM-200DC-AL	CAM LOCK 2in DUST CAP
DEC SH106638	DECAL SHELL: PRE-PAY ONLY
RDR-3000	RDR - UPPER DOOR LOCK - OLD STYLE
CNI 8103	CNI - HOSE CLAMP - 3/4in
KAM-300F-AL	CAM LOCK 3in ALUMINUM ADDAPTER
ERI 624-0059	2 UP-FLOW VENTIN
201553	WAY - GEAR REV. LEVERR
DEC PB-D-A-E1	DECAL SHELL: DIESEL PTS
M02652A012R	GIL - (300) SGL PPU DISPLAY (M01522A001)
15S-1233	OPW - 1.5in NYLON UNION CHECK VALVE/SCR
NT-BLACK	NOZZLE TALKER - BLACK
NT-BLUE	NOZZLE TALKER - BLUE
NT-GREEN	NOZZLE TALKER - GREEN
NT-RED	NOZZLE TALKER - RED
NT-SYN BLACK	NOZZLE TALKER - ESSO SYNERGY BLACK
NT-YELLOW	NOZZLE TALKER - YELLOW
DEC 888460-001-136	DECAL SAFEWAY: Diesel PTS
DEC 888460-001-137	DECAL SAFEWAY: Regular PTS
DEC 888460-001-138	DECAL SAFEWAY: Mid- Grade PTS
DEC 888460-001-139	DECAL SAFEWAY: Premium PTS
VH5024	WAY - IDLER GEAR SHAFT
BAL F20	LAMP - LIGHT BALLAST - F20 BALLAST
DEC WOB12-Q-PTS-E1	DECAL SHELL: 87/89/91 - OV1
RIC 9-7575MC	3/4 Maxi-Cab Swivelin
80020702	EBW - 2in VENT CAP  - Aluminum
DEC FUEL SIGN - LARGE	HUSKY NOZZLE BOOT - GAS LIFT NOZZLE
HUS HW-7205	HUSKY POPD Regaurd/ X/XS
3001K-U731	OPW - 3in Repair Kit - Loading Arm Swiv
ENE0601G117	GIL - OVERLAY 7 BUT MEMBRANE (ESSO Grey)
23-0033	OPW - 2in VENT CAP - ALUMINUM
UNI 303-1520	UNIVERSAL - 1.5in x  2in Offset
ENV SEF-1515	SWIVEL ELBOW FITTING 1 1/2 - ENVIRONIN
400192930	FEP - JUNCTION BOX COVER
CAT CSB75	CATLOW - 3/4in BREAKAWAY/SWIVLE COMBO
ENV SPC-0150	SWIVEL PIPE COUPLING 1 1/2 - ENVIRONIN
EBF-0150	OPW - 1.5in ENTRY BOOT- FLEXWORKS PIPE
KRA NPI-6	KRAUSE 6 VOLT BATTERY - (MICON 200/500)
WU007624-0002	WAY - OVA/HELIX - ADDITIVE DOOR LOCK
WU018130-0001	WAY - OVA - PPU BOARD - 3 PROD (OLD GEN)
SBK-1100J	OPW - STABILLIZER BAR KIT
EN07008G022	GIL - OVERLAY Encore Option Panel Left
EBF-0751	OPW - 1/2in-1in ELECTRICAL ENTRY BOOT
LAM F20T	LAMP - Light Tube
CIM 31010	FILTER CIMTEK - DEF  CARTRIDGE ELEMENT
EBF-0200F	OPW - 2in ENTRY BOOT - FlEXWORKS PIPE
SSPFC-150	OPW - 1.5in PISCES ADAPTOR COUPLING
888980-001	WAY - BEARING/ DRIVE SHAFT Rev Lvl B
WM012140	WAY HELIX - Tube/ Fuel Delivery/ Side B
PIC 509-0021	PICON I - DISPLAY OVERLAY
10RFT-5750	OPW - 1.5in  SHEAR VALVE TOP - No Poppet
RDR-8117	RDR - HANDLE CHERRY SWITCH
MOR 939-02001V	MORRISON - 1/2in FUSIBLE GLOBE VALVE
23-0055	OPW - 3in VENT CAP
SSPFA-200	OPW - 2in PISCES ADAPTOR COUPLING
MOR SGE92-03232L	MORRISON - ABOVE GROUND TANK GAUGE
476-SA-015	OPW - 1/2in Al Vacuum Breaker
T19322-G1	GIL - Main DC Cable Assembly
CNI GAC-GSK	CNI - GASKET GAC LID
36S-5080	OPW - SWIVEL STRAIGHT 3/4in
HUS 159503	HUSKY NOZZLE 3/4in (DIE) WITH CLIP
HUS 159504	HUSKY NOZZLE 3/4in (GAS) W/CLIP
36S-5090	OPW - SWIVEL STRAIGHT 1in
WM040755-0010	WAY - 1in INLET
PTV 20-1453	PTV - C/OPT PV268 to PV270 CABLE FOR FIT
RDR-3001	RDR - BARREL LOCK W/ 7341 KEY
PIC 509-0210	PICON I - KEYBOARD OVERLAY
WU017880-0001	WAY - OVA - SGL UNIT PRICE DISPLAY (PPU)
300314	WAY - METER CHECK VALVE/VISTA BLUE ONES
W2894113-001-R	WAY - WAY CONNECT IN DISP. MOD IP485/D
R19097-11	GIL - Nozzle Pictogram
EN06012G054	GIL - OVERLAY - OPTION PANEL HUSKY
20S-1010	OPW - SWIVEL 1in
241TPS-1000C	OPW - SWIVEL 1in (90 DEGREE)
10UTCP-5901	OPW - 1.5in DOUBLE POPPET UNION TOP
DEC DWOV56E	DECAL SHELL: DSL/87/89/91 - OV1
DEC WOB23-W-PTS-E1	DECAL SHELL: VPD/DSL/87/89/91 - OV1
633T-8076	OPW - FILL COLLAR - 4in X 4in BRASS (SHO
UNI 100HB-100	UNIVERSAL - HOSEBUN 1in - RED W/YEL STRA
1004D3SRK-0401	OPW - BUNA REPAIR KIT
887813-003-J21	WAY - OVA - CARD READ/SPM PANEL - BLACK
KRA-MC200D	KRAUSE MICON COMMUNICATOR - 2BUT
M07702A023	GIL - (EMV) CABLE (FOR HCR CARD READER)
K96623-01	GIL - (ENC) METER CHECK VALVE KIT
APH PS1225	AIPHONE - INTERCOM POWER SUPPLY
KRA SK186	KRAUSE 8 VOLT BATTERY PAC - Micon 100
68EZR-7575	OPW - BREAKAWAY 3/4in RECONNECTABLE
11BP-x009NC	OPW - NOZZLE 3/4in GAS F/S (WITH CLIP)
11BP-X009NC-XC	OPW - XC NOZZLE 3/4in GAS F/S (WITH CLIP
11B-x009NC-XC	OPW - XC NOZZLE 3/4in DIESEL F/S W/CLIP
M05650A001	GIL - (500) PUMP HANDLE INTERFACE ASSY
GPI 504500-03	Vacuum Breaker Kit
HOS 100-8-ARC	HOSE - 1in x 8ft (ARCTIC)
TOK 315637	TOK - 262A BATTERY PACK
KRA SK246	KRAUSE PULSER BASE BOARD
10RF-2001	OPW - 2in SHEAR VALVE  - SGL POPPET
003-047518-0W7	WAY - LOWER DOOR
W01513-G1	GIL - Reg/Interface Board
HOS 125-15-ARC	HOSE - 1-1/4in x 25ft (ARCTIC)
W01520-G1	GIL - Logic Board
FC15-SWM18	OPW - 1.5in x 18in FLEX PIPE (M/M SWIVEL
FC15-MM18	OPW - 1.5in x 18in FLEX PIPE (M/M FIXED)
APH TTI-2	AIPHONE - CALL INTERFACE
LCM 49525	LC METER - PACKING GLAND KIT
KRA 3014	KRASUE MICON 500 PULSER
HOS 100-6-ARC	HOSE - 1in x 6ft (ARCTIC)
523V-1100	OPW - 2 Pressure/Vacumm Ventin
HOS 075-9-ARC	HOSE - 3/4in x 9ft (ARCTIC)
TOK 421031-21	TOK - OPTICAL ENCODER - PREM B
66SB-1010	OPW - SWIVEL/BREAKAWAY 1in COMBINATION
1004D3SRK-0402	OPW - VITON SEAL REPLACEMENT KIT
888872-001-CAN	WAY - OVA - PTS REPAIR KIT (1 BUTTON)
SBC-2150	OPW - 1.5in MALE SWIVELD BOLT ON COUPLI
022-306362	WAY - GLOBAL - NOZZLE BOOT ASSY
HOS 075-12-ARC	HOSE - 3/4in x 12ft (ARCTIC)
T18350-G1R	GIL - (ADV) PULSER ASSY (-G1)
3002K-0302-LT	OPW - 3 Low Temp Viton Seal Kit - Load A
892105-001	WAY - OVA - PTS PANEL-NS USE W289322-000
NOZ HOLDER-WESTEEL	Bolt-on Nozzle Holder- Narrow
LCM 49561	LC METER - PACKING GLAND ASSY - FORK
Q13131-01	GIL - ATC TEMP PROBE - SHORT CABLE
KRA 32107	KRAUSE MICON 500 PULSER ENCORDER
HOS 100-9-ARC	HOSE - 1in x 9ft (ARCTIC)
PIU F00408Z00	K24A Meter Pulser/ 1x1in M/Fin
M06656K001	GIL - GASBOY Eprom Software- Atlas 9800K
T16226-G2	GIL - (HIGHLINE) MAIN DISPLAY
HOS 100-8-6-ARC	HOSE - 1in x 8ft 6in (ARCTIC)
400818921	FEP - STP-CBS CONTROL BOX
HOS 075-15-ARC	HOSE - 3/4in x 15ft (ARCTIC)
WU012493-0001	WAY - POWER SUPPLY 24V -  w/ AC COVER
880541-R01/001	WAY - SOLENOID DRIVER BR V387
KRA SW199	KRAUSE - ATC TEMP PROBE
W2893703-001	WAY - OVA - SOLENOID VALVE ONLY
887898-001-0W7	WAY - OVA - PRINTER DOOR (WHT)
HOS 100-12-ARC	HOSE - 1in x 12ft (ARCTIC)
891039-001	WAY - HEATER/FAN ASSY/ 550W
T16513-G1	GIL - (ADV) MODULAR POWER SUPPLY
G032659	GIL - GASBOY - HIGH HOSE RETRIEVER Top
HOS 075-20-ARC	HOSE - 3/4in x 20ft (ARCTIC)
KRA KIL152-15	KRAUSE CONTROLLER BOARD
PTV 75-1018	PTV - CARD READER HEAD
M04114A006	GIL - (DEF) DEF CABLE & CONDUIT ASSY
GIR KEYPAD	Replacement Keypad Assy/ Std Display
M01047A006	GIL - (500) NOZ BOOT - LIFT TO START - L
PDM TIP-BASE	Tip Mount Base
888006-004	WAY - OVA - PTS PANEL - OLD STYLE
891552-001	WAY - HEATER/FAN ASSY LIMIT SWITCH
HOS 100-15-ARC	HOSE - 1in x 15ft (ARCTIC)
NOZ HOLDER	Bolt-on Nozzle Holder/ Drip Collector
FMP-DDS	INC - DISCRIMI SUMP SENSOR (FMP-DDS)
PTV 20-4022	PTV - C/OPT ALPHA 4 X 7 KEYPAD
M05912A003	GIL - (500S) NOZZLE BOOT - LIFT (LEFT)
GIR OLED	OLED Display for GIR Term.
APH LEF-10	AIPHONE - 10 STATION INTERCOM - MASTER B
104C-2000	OPW - 20in FRP COMPOSITE LID - MANHOLE
HOS 100-20-ARC	HOSE - 1in x 20ft (ARCTIC)
KRA SK350	KRAUSE MICON 200 MAIN BOARD
FMP-ULS	INC - FLOAT SENSOR (TSP-ULS)
199ASV-2200	OPW - 2in ANTI SIPHON VALVE (5- 10ft HEA
ESC 212-0026	1 DUAL FLOW SOLENOID - TWO STAGE - GENE
T20678-G4R	GIL - (RFID) GATEWAY B0ARD Speedpass
M01218A002R	GIL - ORANGE LIGHT & INDUCTOR - SPEEDPAS
001-300825	WAY - GLOBEL/VISTA - ISB ASSY- Enhanced
KRA 218AY00	KRAUSE DUAL IS BARRIER - Probe Barrier
HOS 100-25-ARC	HOSE - 1in x 25ft (ARCTIC)
GPI 139121-07	QM150N MECH. METER
WM001845-0002	WAY - GLOB/SELECT - MAIN DISPLAY 3
M07588A002R	GIL - (GASBOY) POWER SUPPLY (REBUILT)
M00141B003	GIL - (300/500) SOFT KEYPAD (M06975K001)
880541-R01-002	WAY - SOLENOID DRIVER BR V390/V387
PTV 20-4136	PTV - C/OPT NUMERIC KEYPAD
MEC 200400AR	Overfill Alarm
GIR GPRS KIT	Cellular Comms for GIR
PTV 20-4117	PTV - C/OPT CHIP KEY READER
GIR HOSE CONTROL	GIR Hose Control
1291C	OPW - NOZZLE 1.5in ULC
M06975K001	GIL - CRIND MEMBRANE KEYPAD
PTV 52-1083	PTV - C/OPT BLANK DOOR FRAME
M06333K9800R	GIL - GASBOY CPU BOARD A/Q/K 9800 SERIES
1C-2105	OPW - 5 GAL GRADE LVL SLIP ON SPILL CONT
GIR PROGRAMMING	Terminal Programming Fee
0847970-002	VRT - STAND ALONE SENSOR - PAN SENSOR
PTV 20-4283-01	PTV - Single Card Reader/ New Style
M00955K015	GIL - PUMP CARTRIDGE KIT
883474-R01	WAY - VISTA - SOLENOID DRIVER BR
GIR PEDESTAL	Pedestal for GIR Term.
PTV R20-3040-02	PTV - PETROVEND SLAVE BD
PTV 20-0270	PTV - C/OPT PV270 SYSTEM 2 RELAY BOARD
0886100-010	VRT - MAG PLUS 4in FLOAT KIT (ETH)10ftCA
3858-0302	OPW - 3in LOADING ARM SWIVEL JOINT
ASC SOL VALVE - 2	2 Steel Body Solenoid Valvein
GIR WIFI KIT	WIFI Comms for GIR
BEN 492-0933	BENNETT - SERIES 4000 METER/ REBUILT
M01922A007	GIL - (ENC) PUMP CONTROL NODE (REBUILT)
329362-001	VRT - RS232 Board
892638-005-008CENT	WAY - SPM KEYPAD - INJ CENTEX - SWIFTIES
PTV 20-4225-02	PTV - C20-4219 OPT recipt printer
M12702A003R	GIL - (ENC) PUMP CONTL NODE 3 (M01922A00
M13836A010	GIL - (EMV) HUB Interface HIP2 Assy
PTV 20-4141	PTV - CHIP KEY READER (CONVERSION KIT)
330149-002	VRT - SITE FAX MODEM
892638-005-006FASW	WAY - SPM KEYPAD - INJ FAS GAS
892638-005-007FED	WAY - SPM KEYPAD - INJ  Co-op
892638-005-009SHEL	WAY - SPM KEYPAD - INJ SHELL
PTV 20-4283-02	PTV - DUAL CARD READER FOR C/OPT (343)
78144106	EBW - 44in BOLT-DOWN MANHOLE LID
M13940K004	GIL - (EMV) SANKYO CARD READER (W/ BRACK
PMAVS2	FEP - STP MOTOR - 2HP (VARIABLE SPEED)
WU003083-2-MBM25-R	WAY - RED BOARD -(BULLOCH)
PTV 20-4404-01	PTV - PCM Master Board
M02636A001R	GIL - (300/500) MONOCHROME DISPLAY
GPI 504000-05	GPRO35 Pump Only/ 115V
PTV 20-0343-01	PTV - C/OPT PV343 MAIN BOARD
PTV R20-3040-01	PTV - PETROVEND MAIN BD
STPMRVS2-VL2-15	FEP - VARIABLE SPEED 2 HP/ MAG/R/ 15 RI
WU001031-0001	WAY - IX PAY BLUE  BOARD
DEF-PMA150D	FEP - DEF TURBINE MOTOR (3 Phase)
WM045806-0002	WAY - OVA 2 - X-FLO METER
M08001K107R	GIL - (EMV) SPOT DISPLAY INJ IOL (CORED)
M08001K102R	GIL - (EMV) SPOT DISPLAY - GLOBAL (CORED
M08001K118R	GIL - (EMV) SPOT DISPLAY INJ. MONERIS WE
GIR TERMINAL ETHERNET	Ethernet Comms/ 1 Hose Cntrl/ 30 FOBS
M10006A003	GIL - CORIOLIS METER
APH LE-AN	AIPHONE - 1 STATION MASTER
APH LED	AIPHONE - SINGLE LED STATION
APH LEF-3	AIPHONE - 3 STATION INTERCOM - MASTER B
APH LEF-5	AIPHONE - 5 STATION INTERCOM - MASTER B
APH LEW-10	AIPHONE - TERMINAL BOX FOR LEF-10 MASTER
APH LEW-5	AIPHONE - TERMINAL BOX FOR
APH PS1208UL	AIPHONE - POWER SUPPLY
BAL 396HO	LAMP - 3 F96 HO BALLAST
BAL 400HPS	BALLAST - 400W HPS
BAL 70H	LAMP - 70W MH BALLAST
BAL 70MH	BALLAST - 70W MH
BAY VR4086	BAYCO - VAPOR RECOVERY ADAP 4 X 3 5/8in
BEN J187701	BENNETT - STANDARD BLADES
BUL CL050A-R3	BUL - CURRENT LOOP CONV. (BLACK BOX)
BUL DS9208	BUL - BARCODE SCANNER - 9208
BUL HD-ESS-DEL-W7	BUL - DELL HARD DRIVE -  ESSO WINDOWS 7
BUL HD-ESS-ECL-W7	BUL - ECLIPSE HARD DRIVE - ESSO ALL IN O
BUL P2418HT	BUL - DELL 24IN MAIN MONITOR TOUCH SCREE
CAT 10G	CATLOW - FLOW RESTRICTOR 3/4
CIM 70063	FILTER CIMTEK - 1in HYDROSORB-800HS-10
CIM 70066	FILTER CIMTEK - 1in HYDROSORB - 30M - L
CIM 70075	FILTER CIMTEK - 1in HYDROSORB-450HS-10
COM 025RELVALVE	1/4 INCH RELIEF VALVE - COMPRESSOR
CTL 90-016	MAG TEK 2000 READ
CTL 91-606	TOUCH CARD READER
CTL 91-606R	Secura Key CARD READER (City of Toronto
CTL 92-013	C600 CARD SCAN BOARD - COIL READER
CTL 92-016	C600/FLEET  PUMP CONTROL BD
CTL 92-023	QRS BD.-3 CHANNEL SERIAL BOARD
CTL 92-054	HEATER ASSEMBLY C6000 6/8 Hose
CTL 92-082A	C600 KEYPAD & CABLE ASSY.
CTL 92-118	LCD DISPLAY
CTL 92-501	POWER SUPPLY C6000
CTL 92-606	COMPUTROL MAG READER C650/C6000
CTL 94-251	COMPUTROL PRINTER PAPER - C6000
CTL MODEM	U.S. ROBOTICS MODEM
DAN BT100	BT100 DYE INJECTION CONTROL BD
DAN BT101	BT 101 DYE INJECTED CONTROL BD.
DAN CHVALVE	BRASS CHECK VALVE 1/4 INCH
DEC 350-P-003838	DECAL SHELL: DSL NOZZLE TALKER
DEC 350-P-003839	DECAL SHELL: GAS NOZZLE TALKER
DEC APPCON	DECAL APPROVED CONTAINER
DEC BRVI04	DECAL SHELL: PECTEN LOGO
DEC SR003F	DECAL BOUTON D'URGENCE
DEC DTK065E	DECAL PRESS TO START UD/D
DEC DUV017B	DECAL SHELL: WARNING - GASOLINE (2PC)
DEC DUV017E	DECAL SHELL: WARNING STATIC ELEC
DEC DUV019E	DECAL SHELL: RECEIPT- WHITE
DEC DUV023E	DECAL SHELL: ETHANOL- WHITE
DEC DWD026E	DECAL SHELL: RECEIPT- GRAY
DEC DWD027E	DECAL SHELL: SAFETY STOP
DEC DWD027F	DECAL SHELL: SAFETY STOP (FR)
DEC DWOV02E	DECAL SHELL: FUELING INSTRUCT- GRAY
DEC DWOV03E	DECAL SHELL: MAIN DISPLAY- GRAY
DEC DWOV03F	DECAL SHELL: MAIN DISPLAY- GRAY (FR)
DEC DWOV19E	DECAL SHELL: LITRES/VOL CORR
DEC DWOV19F	DECAL SHELL: LITRES/VOL CORR (FR)
DEC DWOV20E	DECAL SHELL: $ WHITE
DEC DWOV20F	DECAL SHELL: DISCLAIMER (FR)
DEC DWOV24F	DECAL SHELL: VPD/DSL/87/89/91 - OV1 (FR)
DEC WOR22-B1-PTS-E1	DECAL SHELL: VPD/DSL - OV1
DEC DWOV40F	DECAL SHELL: 87/89/91 - OV1 (FR) - CUT
DEC DWOV45F	DECAL SHELL: DSL/87/89/91- OV1 (FR)
DEC WOB12-Q-PTSA-E1	DECAL SHELL: 87/89/91 - ARROW - OV1
DEC FGP 112	DECAL FAS Gas Ovation - PTS Regular
DEC FGP 113	DECAL FAS Gas Ovation - PTS Midgrade
DEC FGP 114	DECAL FAS Gas Ovation - PTS Premium
DEC FGP 115	DECAL FAS Gas Ovation - PTS Diesel
DEC FGP 120	DECAL FG 3+0 Grade Select Panel/ Ovatio
DEC FGP 121	DECAL FG 3+1 Grade Select Panel/ Ovatio
DEC FGP 215	DECAL FG 3+0 Grade Select Panel/E500S
DEC FGP 216	DECAL FG 3+1 Grade Select Panel/E500S
DEC FGP 217	DECAL Fas Gas PTS/ Regular/E500S
DEC FGP 218	DECAL Fas Gas PTS/ Mid/ E500S
DEC FGP 219	DECAL Fas Gas PTS/ Premium/E500S
DEC FGP 220	DECAL Fas Gas PTS/Diesel/E500S
DEC RVI12	DECAL NO SMOKING (4in Round)
DEC RVI13	DECAL IGNITION OFF (4in Round)
DEC RVI14	DECAL NO TRUCK/MINI VAN (4in Round)
DEC RVI15	DECAL TRUCK/MINI VAN (4in Round)
DEC SR001	DECAL NO SMOKING VENT (2IN ROUND)
DEC SR002E	DECAL MAIN POWER (2IN ROUND)
DEC SR003E	DECAL EMERGENCY PUMP SHUT OFF
DEC SR015	DECAL NO CELL (4in Round)
DEC SR017	DECAL DO NOT JAM THE NOZZLE (4in Round)
DEC SR020E	DECAL VIDEO SURVEILLANCE
DH CPU	DH CPU BD
DH EQ30-HS	HANDLE SWITCH- DH - NEW STYLE
DH EQ30-MD	MAIN DISPLAY DH
DH EQ30-PROBE	ATC PROBE DH
DIX Y007	1 1/2 INCH IRON Y STRAINER
14U-4210C	EBW - 43 1/2 in FIBERGLASS STP LID - FLE
77711101	EBW - GASKET 4in FILL CAP (H15005M)
90022	EBW - DRAIN PLATE
78910201	EBW - HATCH COVER GASKET
EMC 493806	A1004 EMCO CAST LID - 15 1/4 INCH
400333340	FEP - BOTTOM O-RING STP HEAD
400333343	FEP - TOP O-RING STP HEAD
5800300100	FEP - STP-DHI - DISPENSER ISOLATION HOOK
FC20-MM18	OPW - 2in x 18in FLEX PIPE (M/M FIXED)
510908-405	VRT - 6 PIN MICROSWITCH
ENE0601G002	GIL - OVERLAY WHITE BLANK-(M07754B002)
G047009	GIL -  IDLER PULLEY
K76657	GIL - PUMPING UNIT BLADES
K82472-01	GIL - LIP SEAL
K94246-01	GIL - (ADV)  LOCK & KEY (CH751)
M00454A002	GIL - (300) VALVE COIL ASSY.
M00489A007	GIL - DOOR LAN CABLE
M00507A002	GIL -  CABLE ASSY/TRIND DOOR
M00955K014	GIL - BLACKMERE GASKET AND FLOAT KIT
M01218A004	GIL - RED LIGHT & INDUCTOR - SPEEDPASS
M01515A001	GIL - (300) MAIN DISPLAY (CORE)
M02044A003	GIL - (500) PROP VALVE DRIVER BOARD
M02335A001	GIL - (300) VALVE DRIVER BD.
M02651A001	GIL - PULSER CABLE ASSY
M03172K002	GIL - PAM SOFTWARE VER 32.1.7
M03651A002	GIL - CRIND LOGIC BD  (T17764-G4)
M04011B001	GIL - (300) DUAL PULSER ASSY (CORE)
M04119A005	GIL - (EMV) PAPER CUTTER (FOR M04119A001
M04329A001	GIL - (500) SGL PPU DISPLAY -NO SWITCH (
M04406K001	GIL - (ENC) AC POWER CABLE
M06295A001	GIL - LATCH AND BRACKET
M06333K9840AQ	GIL - GASBOY CPU BOARD 9840 & 9853
M06750A001	GIL - PPU CABLE - ULTRA HI-SPEED PUMP
M06783A001	GIL - TEMPERTURE CONTROL PCA
M06969A001	GIL - HEATER AC POWER CABLE -
M07931A001	GIL - (EMV) HIP W/O PWR SUPP (M07895A002
M07947A001	GIL - (EMV) CABLE SPOT DISPLAY TO SIB BD
M07991A001032	GIL - (500S) PRINTER DOOR GLOSS WHT
M07991A001056	GIL - (500S) PRINTER DOOR SYNERGY BLU
M07991A001057	GIL - (500S) PRINTER DOOR SYNERGY GRY
M08001K117R	GIL - (EMV) SPOT DISPLAY (CT/CTC)(REBUIL
M08001K121R	GIL - (EMV) SPOT DISPLAY INJ. PET CAN (n
M12531K001	GIL - HOSE PROTECT GUARD - RUBBER TRIANG
M12803A00XR	GIL - (500S) NS DOOR NODE 5
M12893A00X	GIL - (500S) SANDPIPER III SGL PPU DISPL
M14222A101002	GIL - (500S) FRIDGE DOOR BLACK - PETRO C
M14222A101005	GIL - (500S) FRIDGE DOOR WHITE - HUSKY
M14222A101032	GIL - (500S) FRIDGE DOOR HI GLOSS WHITE
M14222A101056	GIL - (500S) FRIDGE DOOR SYNERGY BLUE -
M14222A101057	GIL - (500S) FRIDGE DOOR SYNERGY TITANIU
N17150-21	GIL - N17150-21 Rotor & shaft assy
N18366-01	GIL - N18366-01 Idler puller
N23785-01	GIL - COIL ASSY - DUAL STEM - DIG VALVE
PA03060020	GIL - (D-BOX) DISTRIBUTION BOX - RJ45
Q11008-01	GIL - RELAY D2440 CRYDOM (DC) HiLine MOT
Q11008-04	GIL - RELAY A2240 CRYDOM (AC) MPD MOTOR
Q12542-08	GIL - (ENC)  UPPER DOOR LOCK - KEY CH751
Q13040-01	GIL - STP RELAY CONTACTOR (ISOLATION BOX
R20713-G1	GIL - (ADV) NOZZLE FLAP ASSY
T17962-G1R	GIL - (ADV) MAIN DISPLAY -NO SPEEDPASS
T18350-G3	GIL - (ADV) PULSER ASSY (-G3)
T19389-G1R	GIL - (ADV) ATC BOARD - NONE OPTIMIZED
HOS 058-25	HOSE - 5/8in x 25ft
HOS 058-8YE	HOSE - 5/8in x 8ft (YELLOW)
HOS 075-10YE	HOSE - 3/4in x 10ft (YELLOW)
HOS 075-13	HOSE - 3/4in x 13ft
HOS 075-15YE	HOSE - 3/4in x 15ft (YELLOW)
HOS 075-25	HOSE - 3/4in x 25ft
HOS 075-60	HOSE - 3/4in x 60ft (marina)
HOS 075-8-6-ARC	HOSE - 3/4in x 8ft 6in (ARCTIC)
HOS 075-8-6 YEL	HOSE - 3/4in x 8ft 6in (YELLOW)
HOS 075-9YE	HOSE - 3/4in x 9ft (YELLOW)
HOS WH-0751200YE	WHIP HOSE - 3/4in x 12in (YELLOW)
HOS WH-075900YE	WHIP HOSE - 3/4in x 9in (YELLOW)
HUS 159503-05	HUSKY NOZZLE-3/4in (DIE) C/W YELLOW HAN
HUS 159508-02	HUSKY GAS NOZZLE - NO CLIP - C/W RED HAN
HUS 159595-0X	HUSKY NOZZLE 3/4in (DIESEL)
HUS 159596-0X	HUSKY NOZZLE 3/4in (GAS)
HUS 177610-0X	HUSKY NOZZLE 1in (DIESEL)  HISPEED
HUS 1808-01	HUSKY NOZZLE SPLASH GUARD - BLUE
HUS 1808-02	HUSKY NOZZLE SPLASH GUARD - RED
HUS 1808-03	HUSKY NOZZLE SPLASH GUARD - GREEN
HUS 1808-04	HUSKY NOZZLE SPLASH GUARD - BLACK
HUS 1808-05	HUSKY NOZZLE SPLASH GUARD - YELLOW
HUS 4145-01	HUSKY NOZZLE FULL GUARD COVER - BLUE
HUS 4145-02	HUSKY NOZZLE FULL GUARD COVER - RED
HUS 4145-03	HUSKY NOZZLE FULL GUARD COVER - GREEN
HUS 4145-04	HUSKY NOZZLE FULL GUARD COVER - BLACK
HUS 4145-05	HUSKY NOZZLE FULL GUARD COVER - YELLOW
HUS 6665-01	HUSKY NOZZLE GUARD W/POPD-SQUARE-BLUE
HUS 6665-02	HUSKY NOZZLE GUARD W/POPD-SQUARE-RED
HUS 6665-03	HUSKY NOZZLE GUARD W/POPD-SQUARE-GREEN
HUS 6665-04	HUSKY NOZZLE GUARD W/POPD-SQUARE-BLACK
HUS 6665-05	HUSKY NOZZLE GUARD W/POPD-SQUARE-YELLOW
HUS SPGRD	HUSKY - SPLASH GUARD (3/4in HUSKY NOZ)
HUS SPO-16910	HUSKY - SPOUT FOR 16910 NOZZLE
HUS SPO-HH	HUSKY - SPOUT
DC406	INC - OPTICAL SENSOR (DC406)
FMP-EIS	INC - OPTICAL INTERSTITIAL SENSOR
FMP-LL3-101	INC - TANK PROBE 8ft
TS-LLD	INC - ELECTRONIC LINE LEAK DETECTOR
TSP-C4A	INC - PROBE INSTAL kIT (does not com
TSP-IDF4	INC - DIESEL FLOAT KIT
TSP-IGF4	INC - GAS FLOAT KIT
KRA 212AY05	KRAUSE PROBE CONNECTOR DUAL
KRA BA51U	KRAUSE ONE WAY MICON BASE
KRA DETENSPR	KRAUSE DETENTE SPRING - MICON
KRA DETENSPR-BUSHING	KRAUSE DETENTE SPRING-BUSHING-MICON
KRA IB	KRAUSE - PICON - INTEFACE BRD
KRA SK287	KRAUSE DISPLAY BOARD 287
KRA SK425	KRAUSE ATC BOARD-GILBARCO
KRA SK436	KRAUSE ATC BOARD PREMIER
KRA SK442	KRAUSE ATC BOARD-TOK PREM
KRA SK444	KRAUSE MICON 500 DISPLAY (SK444A8)
KRA SK446	KRAUSE ATC DISPLAY BD (GILBARCO)
LAM 150WQ	LAMP 150W QUARTZ
LAM 250HPI	LAMP 250W HPI
LAM 400HPS	LAMP - 400W HPS
LAM 42CF	LAMP 42W COMP FLUORESCENT T42/35/4 PIN
LAM CAP100MH	LAMP - 100W MH CAPACITOR
LAM F18T8	LAMP - F18T8 LAMP
LAM F5/7/9	LAMP - F5/7/9
LAM F6T5	LAMP - 6 WATT F6T5CW
LAM HAL- VAR	LAMP - HALOGEN  - 50W / 75 / 90W
LAM STFS5	LAMP - FS5 STARTER (TOKHIEM)
MOR - 678XA-4	MORRISON  678XA-4 test well plugsin
MOR 305L--0200 AA	MORRISON - COLLAR BRASS 4in SHORT
MOR 305LH--0200 AA	MORRISON 4in BRASS FILL COLLAR - STD
MOR 305XP-0200ACEVR	M0RRISON 4in CAP ASSY
MOR 305XP-1200ACEVR	MORRISON - TANK PROBE CAP W/PORT
MOR 354---0200AV	MORRISON - VENT CAP 2in
MOR 354---0300AV	MORRISON - VENT CAP 3in
MOR 571S-0100 AE	MORRISON - COLLAR EXTENDER 4in
MOR 678XA-0100AC	MORRISON - 4in MONITORING WELL PLUG
0044N	OPW - FLOW RESTRICTOR 3/4in(1PC)
104A-0800	OPW - 8in MANHOLE LID (CAST IRON )C/W
11BKP-x009NC-XC	OPW - XC NOZZLE 3/4in GAS  S/S (NO CLIP)
1290	OPW - 1.5in AUTO NOZZLE
1711T-7085-EVR-NA	OPW - 4in VAPOUR RECOVERY CAP - ORANGE
202950	OPW - 1.5in TETRA SEAL
500	OPW - 5000 PULSER
633TC-8095	OPW - COAXIAL COLLAR 4in
66SB-7575	OPW - SWIVEL/BREAKAWAY 3/4in COMBINATION
66SP-5150	OPW - 1.5in BREAKAWAY
7HB-X009NC	OPW - NOZZLE 1in DIESEL (WITH CLIP)
7HB-0009NC-XC	OPW - HISPEED NOZZLE W/CLIP - RING TIP
C03749	OPW - TRAP DOOR - REMOTE FILL PLATE
H09039M	OPW - 4in FILL COLLAR GASKET
H15005M	OPW - FILL CAP GASKET 4in
SPO-11B	OPW - SPOUT 11B
PET 40510A-AD	FILTER - PET CLR - 1in ETH BLEND(10M)
PET 40510D	FILTER - PET CLR - 3/4in  ETH BLEND (10M
PET 40510P	FILTER - PET CLR - 3/4in (PART 10M) RED
PET 40510P-AD	FILTER - PET CLR - 1in (PARTICUL 10M) RE
PET 40510W	FILTER - PET CLR-  3/4in (WATER 10M)  BR
PET 40510W-AD	FILTER - PET CLR- 1in (WATER 10M) BROWN
PET 40530-W	FILTER - PET CLR-  3/4in (WATER 30M)  BR
PET 40530W-AD	FILTER - PET CLR - 1in (WATER 30M)  BROW
PET 51130P	FILTER - PET CLR - 1in  HI FLOW (PART 30
PET 51130W	FILTER - PET CLR - 1in  HI FLOW (WAT 30M
BUL 296114928AB	BUL - PINPAD SERIAL CABLE/ RS232 (LAN30
BUL 296196003	BUL - PIN PAD POWER SUPPLY - LAN3000
PTV 20-0268	PTV - C/OPT PV268 PCT CONTROL BRD
PTV 20-0296-01	PTV - C/OPT IO CONTROL BOARD (
RJK 079-425-1	RJK - RELAY STP (2 LEGS) - P/B PRD 7AY0
RJK 113-555-5	RJK - 3 WIRE CONNECTOR
RJK 172-036-5	RJK - PUMP O-RING KIT
RJK 176-033-5	RJK - GROMMET FOR CONTRACTOR PLUG
RJK 410-164-003	RJK - 40 MFD CAPACITOR (FOR 2HP STP)
RJK 880-041-5	RJK - STANDARD RELAY BOX (STP BOX)
SEN BALVA	SENEY - BALL VALVE
SEN KE234-16	SENEY - GASKET DE SIEGE
SEN VACAP	SENEY - VALVE CAP
SEN VACOL	SENEY - VALVE COLAR
SEN VAPOP	SENEY - VALVE POPPET (OPW 101-5)
SEN VASEAT	SENEY - VALVE CAP ASYY  (OPW 234-1)
SEN VASEATO	SENEY - VALVE SEAT (OPW 101-7)
SEN VASEORI	SENEY-  VALVE SEAT ORING
SOU 04TAGRDEPFBI	ETHANOL PREMIUM RED FILL BOX INSERT
STICK ST429112	STICK - CALL PROCESSOR
SWI MICRO	MICROSWITCH
SWI MICRO-B52	B52 HOIST MICROSW
SWI MICRO-HOIST	F/S
SWI OUT-1X1	RICHARDS OUTLET SWIVEL 1 X 90
TANK DCS-2250	2/140L TIDY TANK
THER 24-631-3	SCOOP THERMOMETER -40/60 DEG C - 40/140
TOK 025664-1	TOK - SHAFT & ROTOR
TOK 038082-1	TOK - METER BASE GASKET
TOK 038083-1	TOK - METER CENTRE GASKET
TOK 115075-1	TOK - PUMPIN UNIT SUCTION SCREEN GAS
TOK 117475-1	TOK - P.U. PACKING GLAND - STEEL RING
TOK 121394-1	TOK - P.U. RUB V PACKING - SHAFT SEAL
TOK 131515-1	TOK - ACTUATOR
TOK 210024-1	TOK - PUMPING UNIT BUSHING (BRASS)
TOK 217897-2	TOK - PUMPING UNIT BY-PASS VALVE
TOK 217898-2	TOK - PUMPING UNIT REGULATING VALVE
TOK 221668-1	TOK - IDLER PULLEY
TOK 223175-1	TOK - RESET SPRING - 77 POWER RESET
TOK 2250-RBT	TOK - single  (Loaner)
TOK 226278-1	TOK - FLUORESCENT  STARTER   162   L
TOK 227715-1	TOK - TPX LOCK ASSY - TCS A/ ONE STEP
TOK 228150-1	TOK - SWITCH   SENSOR
TOK 228945-1	TOK - CABLE - 1 X 5 KEYPAD
TOK 230737-1	TOK - FAN PREMIER SERIES
TOK 230816-2	TOK - PREM. 120V MOTOR RELAY (CONTACT)
TOK 231818-1	TOK - PULSER   HARNESS   WIRE   ASY   T
TOK 232125-1	TOK - NOZZLE BOOT SPRING - PREM C
TOK 232135-1	TOK - PREMIER HEATER AS
TOK 232299-1	TOK - PREMIER SPRING-ON/OFF HANDLE
TOK 232358-1	TOK - TPX 83 LWR DR LOCK - PREM LSHAPE
TOK 232729-005	TOK - PREM B SWITCH NOZZLE BOOT
TOK 232729-1	TOK - NOZZLE BOOT LOCK
TOK 232729-2	TOK - NOZZLE BOOT FLAP
TOK 232962-1	TOK - TPX88 LOCK - PRINT DOOR - PREM B
TOK 233636-1	TOK - PREM B- CHECK VALVE NON PRES RELI
TOK 233649-1	TOK - PREM C PULSER COUPLING
TOK 233654-1	TOK - OPTICAL ENCODER - PREM C
TOK 233729-1	TOK - PRINTER KIT
TOK 233874-1	TOK - PREMIER BEEPER ASSY - ADJUSTABLE
TOK 314861-1	TOK - SINGLE PHASE PULSER BD-262
TOK 318832-1	TOK - PRINTER MECH - PREM B
TOK 318832-9	TOK - DPT PRINTER PAPER GUIDE
TOK 318894-2	TOK - PRINTER CABLE - PREM B
TOK 319403-5	TOK - CARDREADER ASSY - DPT - PREM B
TOK 319407-11	TOK - OPTIONS POWER SUPPLY-PREM B & C
TOK 319437-1	TOK - END CAP
TOK 319502-4	TOK - MONEY/VOL DIAL ASS-PREM B G/S BEZ
TOK 319935-1	TOK - TOK DPT PRINTER P
TOK 320131-1	TOK - PRESET KEYPAD PREM B
TOK 320489-1	TOK - MERCURY SWITCH - PREM. B SERIES
TOK 320552-1	TOK - MERCURY SWITCH -
TOK 321119-1	TOK - DPT CARD READER - PREM C
TOK 321382-2	TOK - PREM B CHECK VALVE - PRES RELIEVE
TOK 321452-1	TOK - CHECK VALVE - NON REL - PREM C
TOK 321452-2	TOK - CHECK VALVE RELIEVED - PREM C
TOK 415678-2	TOK - READOUT ASSY - 262
TOK 418150-10	TOK - IS BARRIER - 15 WIRE PREM B -
TOK 418150-9	TOK - IS BARRIER - 8 WIRE - 2ND DESIGN
TOK 420241-2	TOK - MOD. VALVE REBUIT
TOK 420929-4	TOK - CPU BD - CREDIT - PREM C - NON DB
TOK 420935-1	TOK - MOTHER BOARD PREMIER
TOK 420955-1	TOK - A/C DISTRIBUTION BD. - PREMIER/MM
TOK 421031-2	TOK - PULSER OPTICAL ASSEMBLY
TOK 421047-1	TOK - LCD MAIN DISPLAY - PREM B
TOK 421047-2	TOK - LCD PPU PREMIER B
TOK 421084-2	TOK - RELAY BOARD FULLY
TOK 421087-3	TOK - INTERFACE BOARD
TOK 421124-6	TOK - CPU BD. EXPAND. B SERIES QT SFTWA
TOK 421186-1	TOK - BLEND CONTROL BOARD
TOK 421284-3	TOK - BOARD/ VALVE INTERFACE
TOK 421437-1	TOK - MAIN DISPLAY BD - PREM B - A/C/E
TOK 421437-3	TOK - PREM B MN DISPLAY 2 PROD - A
TOK 421437-5	TOK - MAIN DISPLAY . PREM B -3+1
TOK 421844-1	TOK - CPU BD - DES MODULE C SERIES
TOK 421844-2	TOK - CPU BD - DES MODU
TOK 421850-2	TOK - DPT PRINTER COMPLETE PREM B
TOK 422594-1	TOK - MN DISP-PREM C/ N
TOK 422594-25	TOK - MN DISP-PREM C-DE
TOK 422594-26	TOK - MN DISP.-PREM C
TOK 422594-5	TOK - PREM C MN DISPLAY
TOK 422723-182	TOK - PREM C PTS PANEL - 3 + 1
TOK 422723-183	TOK - PREM C PTS PANEL - 3 PRODUCT
TOK 422942-1	TOK - ANTENNA BOARD - R
TOK 422951-1	TOK - LIGHT BOARD - RFID
TOK 51-01448-00	TOK - RECEIPT DOOR PREM. C
TOK BAT-8V	TOK - BATTERY PACK TOKHEIM (8 VOLT)
TOK RAINGUARD	TOK - RAINGUARD
VMI 99LD-2000	Vapo 99LD-2000 mechanical leak detector
0330020-814	VRT - TLS 450 10A RELAY MOD/ EXISTING C
331898-001	VRT - BARRIER BRD (TLS 350)
514100-000	VRT -  PRINTER PAPER - SINGLE ROLL
794380-301	VRT - HYDROSTATIC SGL FLOAT SENSOR
0794380-350	VRT - SOLID-STATE DISCRIM SENSOR (LONG)
847490-102	VRT - LIQUID SENSOR MOD (8 CH)
847490-326	VRT - SITE FAX MODEM (TLS-300)
848703-025	VRT - DIM KIT - WAYNE
0849600-000	VRT - MAG PROBE 4in FLOAT KIT (GAS)
000-129003	WAY - GLOBAL - HANDLE KIT SPRING
001-038322	WAY - VISTA - 3/4 HP. MOTOR
001-301156	WAY - PUMPING UNIT FLOAT ASSY(white)
001-921130	WAY - OVA - O-RING -DISCHARGE TUBE
003083-INFO	WAY - Build 2.4.5.IX Red Board -
003-301216-HRN	WAY - WIRING HARNES
004-921469-KIT	WAY - I-GEM PULSER (BLACK WIP)
13-916264	WAY - VISTA DIAPHRAM KIT
1-880876	WAY - PHOTOCOUPLER
003-121701	WAY - LIP SEAL PUMP UNIT
4-820122	WAY - ANNUNCIATOR
6-128346	WAY - VISTA - DIAPHRAGM
880541-001/003	WAY - SOLENOID DRIVER BR
881579-008	WAY - HYPER PIB BOARD
882758-001	WAY - HEATER ASSY - bigger one - Vi
883619-R02	WAY - 1&2/VISTA NON BLEND - COMPUTER
886574-002	WAY - CABLE ASSY/ AGX DEBUG/ 10FT
887460-001/GEN	WAY - ASSY/GLASS/MAIN SALES D
887464-001	WAY - REPLACEMENT GLASS (QVGA DISPLAY)
887813-003-F32	WAY - OVA - CARD READ/SPM PANEL - Coop
887814-001	WAY - OVA - GASKET (FOR SPM)
888291-002-A20	WAY - A20 side panel / Co-op
888311-001	WAY - OVA - TUBE
888842-001	WAY - ATC PROBE
888985-001	WAY - NOZZLE BOOT FLAPPER SERVICE KIT
889145-001	WAY - POB BOARD - old style
889490-024-F32	WAY - OVA - BEZEL
889884-001	WAY - OVA - QVGA DISPLAY GLASS  (TEMPERE
890070-001	WAY - GLOBAL - PRESET BOARD
890543-001	WAY - OVA - SOL VALVE RETAINER CLIP
891347-011	WAY - SD CARD (QVGA/ IX PAY)
892638-005-005BULC	WAY - SPM KEYPAD - INJ BULLOCH (CENTRAL)
892638-R01-005INFG	WAY - SPM KEYPAD - INJ I
918223	WAY - VISTA -  BRASS COUPLING
AM0043925-001	WAY - END CAPS
GH2010	WAY - DOOR LOCK BRACKET (for 1290 lock)
GH2022	WAY - GLOBAL - METAL HANDLE (LEVER)
T01-916709-GBL	WAY - GLOBAL - solid state relay
WM043174	WAY - RETAINER CLIP -PROP VALVE new St
WU001031-FED-R	WAY - IX PAY BLUE  BOARD - (Co-op)
WU003054	WAY - HELIX - BELT
WU003072-0001	WAY - ETHERNET KIT(WU005124-00)
WU007054-0002	WAY - EMV - CONTACTLESS CARD READER
WU010587-0001	WAY - OVA 2 - PRINTER DOOR KEY (Southco)
WU015729-W007	WAY - BEZEL / W INSERTS/ CUST INTERFAC
WM039598	WAY - Additive Door Latch
PET 40510A	4inx5inx10 MICRON FOR ETHANOL BLENDED FU
MOR 530-0100AV	2in NIPPLE CHECK VALVE 2/25PSI EXPANSION
MOR 530-0300AV	2in NIPPLE CHECK VALVE 2/50PSI EXPANSIO
11BKP-x009NC	OPW - NOZZLE 3/4in GAS S/S (NO CLIP)
M06745A003	GIL - CABLE/ USB/GROUND+24V HENGSTLER SL
M02227K002	GIL - PROPORTIONAL VALVE KIT
M13734A002	GIL - T METER MODULE 3 GRADE ASSY
0576011-034	VRT - LAMP FOR TLS350R(O/S)
DEC PB-93-A-E1	DECAL SHELL: 93 PTS
DEC WOB12-A-PTS-E1	DECAL SHELL: 87/91/93 - OV1
62M-0500	OPW - 4in Aluminum Tank Monitor Cap & Ad
DEC WOR22-C1-PTS-E1	DECAL SHELL: DSL/VPD - OV1
000-118869	WAY - GASKET STRAINER COVER
11B-x009NC	OPW - NOZZLE 3/4in DSL F/S (WITH CLIP)
ENE0615G012	GIL - OVERLAY OPTION DECAL E700 - WHITE
M12287B001	GIL - E700 ADA OPT KEYPAD(on Print door)
M04326A002R	GIL - ENCORE 500 MAIN DISPLAY - DOOR NOD
5800100220	FEP - SPGC-220 - DIGITAL SMART CONTROLLE
ENE06012G083	GIL - E300/500 INTERCOM DECAL-ESSO/MOBIL
MOR 305U-0202-2G	Morrison - Replacement 4 Inch Gasket For
DEC WV590U-A-PD-E1	DECAL SHELL: 87/91/93 WINDOW- VISTA
DEC WO2B12-A-PTS-E1	DECAL SHELL: 87/91/93 - OV2
DEC SYNPTS87	SYNERGY PTS BUTTON 87
DEC SYNPTS89	SYNERGY PTS BUTTON 89
DEC SYNPTS91	SYNERGY PTS BUTTON 91
DEC SYNPTSDIE-EFF	SYNERGY PTS BUTTON DIESEL EFF
DEC HUSPTS87	HUSKY PTS BUTTON 87
DEC HUSPTS89	HUSKY PTS BUTTON 89
DEC HUSPTS91	HUSKY PTS BUTTON 91
DEC HUSPTSDIE	HUSKY PTS BUTTON DIESEL
DEC 87-89-91	HUSKY GRADE PANEL 3+0
DEC 87-89-91-DMX	HUSKY GRADE PANEL 3+1 WITH 10%
RJK 410-164-001	RJK - 17.5 MFD CAPACITOR (3/4 HP STP)
SLO POSTERBOX3-LONG	SLOAN POSTERBOX 3 LONG - LED STRIP
SLO 701895-24C1	SLOAN 24VDC IP68 100W LED DRIVER
Q11482-01-SGL	GIL - Card Reader Cleaning Card
330020-282	VRT - Probe Riser Cap
ENS0804G207	GIL - Husky 3+0   Grade Select Panel
ENS0904G203	GIL - Husky 3+1   Grade Select Panel
WU008980-0002	WAY - COMPLETE FUSION V2 6000 (Black)
M06600K001	GIL - DEF Reed Switch
WU011133-0001	WAY - HOUSING/ DATA SAFETY BOX ASSY/ SIN
WU019855-0001	WAY - WIRELESS MODULE/ INSIDE DISP. W/CA
70550311	EBW - SEAL RING GASKET FOR DEFENDER
333593-001	VRT - TLS350/350R GEN2 MAIN ECPU2 BOARD
M13170A001	GIL - PCA/ SP-III DOOR NODE 3500 SQUARE
ENE0601G054	GIL - ENCORE S ECIM PRINTER DOOR OPTION
ENE06012G054	GIL - E300/500 INTERCOM DECAL-HUSKY/PION
ENE0703G012	GIL - ENCORE S ECIM GCM READER/ BACKLIT
CIM 30034	Viking 1 Filter Element E-1300HS-10
888459-103-462	WAY - Safeway 3+0 Grade Select Panel
888459-107-473	WAY - Safeway 3+1 Grade Select Panel
705560901	EBW - Fill Ring Assy w/ Gaskets
90074	EBW - 662 FULCRUM ARM KIT
STP150-VL2-18	FEP - STP ASSY - FIXED 1.5HP - 18in RISE
ENS1043R224	GIL - ESSO DEF Right/ Diesel Left Prod I
GIR BARCODE LABELS	Roll of 500 Barcode Labels
GIR 12V CONVERSION	12v Conversion Kit for GIR Terminal
TSSP-10ARLY	INC - (EVO) 8 Output Relay Module
W202BZL-3925581	WAY - OVAT2 UPPER DOOR - 3 PROD VER 1-7I
W202BZL-3751610	WAY - OVA2 UPPER DOOR - 2 PROD VER 2-10I
W202BZL-3750708	WAY - OVA2 UPPER DOOR - 5 PROD VER 1-7IN
W202BZL-3751614	WAY - OVA2 UPPER DOOR - 3 PROD VER 2-10I
DEC DUV020E	DECAL SHELL: PRE-PAY
DEC DUV021E	DECAL SHELL: FUELING INSTRUCTIONS
M14221K901056	GIL - (500S) CIM DOOR INSERT - BLUE
M14221K901057	GIL - (500S) CIM DOOR INSERT - TITANIUM
M14221K901002	GIL - (500S) CIM DOOR INSERT - BLACK
M14331A001	GIL - FLEX PAY 4 - E700 - GCM
TSSP-2WSNS	INC - (EVO) 12IN 2 WIRE SENSOR MODULE
TSSP-CM	INC - CONTROLLER MODULE
TSSP-RLY	INC - (EVO) 2AMP RELAY MODULE
TSSP-IO	INC - (EVO) IO MODULE
W2894265-001	WAY - IMETER2 PULSER WIP (GREEN)
WM064461-0002	WAY - IMETER2 - OVAT 2
ENE0601G196	GIL - OVERLAY 7 BUT MEM (ESSO SYN TITANI
859080-001	VRT - SMART DPLLD (TLS-450) W/O SWIFT CH
M03171A002	GIL -  METER & PULSER P CODED
M00065A001	GIL - PPU DISPLAY - ENCORE 500
886375-001	WAY - ISB BD - VISTA BLEND
FRE M12492K026	FREEDOM - RBT GILBARCO HCR CARD READER
1DP-2100	OPW - REPLACEMENT DRAIN PLUG KIT FOR 1-2
61TG-4000	OPW - DROP TUBE O-RING
SC-PLAIN	OPW - SEALABLE COVER FOR SC1 SPILL CONT
000-029362	WAY - INLET STRAINER SCREEN
000-120529	WAY - SPRING (E38)
000-127441	WAY - SPEC S#10X24
000-200427	WAY - COVER STRAINER
000-916231	WAY - O-RING - LOWER FLOAT ASSY
002-118824	WAY - SPRING - RELIEF VALVE
007-038322	WAY - MOTOR - VISTA 3/590
887118-R05	WAY - PCB ASSEMBLY/ GEM DISPLAY 5 PRODUC
892134-001	WAY - DISPLAY/ BEZEL GLASS
WM001383	WAY - DAMPER
WM001979	WAY - O-RING UPPER FLOAT
WM008785	WAY - UPPER FLOAT
WM033193-0002	WAY - O-RING/ T=2; ID=39/ FLUOROSILICONE
WU000210-0001	WAY - QVGA WINDOW SEAL
WU009740-0001	WAY - OVA 2 - COVER PRINTER DOOR/ W/O SL
WU015066-0002	WAY-DISPLAY ASSY/PCAP/ QVGA MONO/ RED BD
APT MS-XP-200-200	XP CLAMSHELL SWIVEL PIPE FITTING BRASS 2
DEC HPPD-BC	HUSKY PREPAYMENT REQUIRED
DEC SYNGRPANEL	SYNERGY GRADE PANEL 3+1
65010402	EBW - 1.5 UNION CHECK VALVE W/ SCREEN AN
662502202	EBW - SHEAR VALVE TOP W/POPPET FEM N/C 1
662502902	EBW - DOUBLE POPPET SHEAR VALVE/ N/C
M12803A008	GIL - PCA/ SP-III DOOR NODE 5/ 6 DIGIT C
MOR 305XPA-0100AKEVR	4 INCH CARB EVR APPROVED TANK MONITORING
888614-005	WAY - O-RING/ FLUROSILICON COMPOUND 1932
888615-005	WAY - I METER DOME ORING - FLUOR
WM000611	WAY - O-RING/ CPU TOP COVER
WU004886-0001	WAY - SCREW/ SHOULDER/ M4X6.5 SPECIAL
DEC WOB12-A-PTSA-E1	DECAL SHELL: 87/91/93 - ARROW - OV1
DEC WO2B23-E-PTS-E1	DECAL SHELL: VPD/DSL/87/91/93 - OV2
WIX 24744	WIX FILTER - CARTRIDGE AND ELEMENT
PMP 80180	Repair kit for FE Petro Check Valves R/W
RJK 410-568-001	RJK - SPIKECHECK RPR STD PMP 20-21 PSI P
RJK 410-567-001	RJK - KIT/ ORING SPIKECHECK
RJK 144-195-5	RJK - KIT CHECK VALVE/SPRING
RJK 144-184-5	RJK - KIT VALVE SPRING CHECK-AG
RJK 072-240-5	RJK - ORING 928 Viton (310018)
RJK 072-718-1	RJK - STP HEAD GASKET
M02136K001	GIL - DUAL CARD READER
EU3001G015	GIL - PRESET E500
PMP 26077	PMP - Prop Valve for Wayne
M07895A001	GIL - EMV HIP COMMUNICATION BOARD
EN0604G048	GIL - Blue Aide Decal
ENE0702G023	ENCORE S ECIM TRIND BLANK, NON-BACKLIT
330559-002	VRT - TLS 350 Fax Modem Interface
30-0230-S	OPW - SINGLR SENSOR FLOAT (BRASS)
TOK 418054-3	TOK - 262A - RELAY BRD
K83512-30	GIL - Lower Door Lock Advantage
W2BEZ4V-3703126	WAY - UPPER BEZEL MAIN DOOR VISTA
DEC E300PTS87	PTS BUTTONS FOR ENCORE 300/500-87
DEC E300PTS89	PTS BUTTONS FOR ENCORE 300/500 - 89
DEC E300PTS91	PTS BUTTONS FOR ENCORE 300/500 - 91
DEC E300PTSDIE	PTS BUTTONS FOR ENCORE 300/500 - DIESEL
DEC Mobil E500S Grd Sel. 3+1	DEC Mobil E500S Grd Sel. 3+1
71520201	EBW - REPLACEMENT HANDLE/ HATCH ASSY
RJK 410-164-002	RJK - 25MFD Capacitor (for 1.5HP STP)
RJK 410-165-001	RJK - ELECTRICAL CONNECTOR KIT
RJK 410-151-002	RJK - AG SYPHON CARTRIDGE KIT
6102-1000	OPW - OVERHEAD RETRACTOR
892638-105-005IG	WAY - SPM Keypad-Global INJ Fas-Gas/Sobe
M04108A001R	GIL - Crind Node
M09716B001	GIL - Pin Hinge
M09748A001	GIL - Bracket Upper Hing ASSY
M07754B001	GIL - 3-Key Option Keypad
T19501-G2	GIL - MONOCHROME CPU BOARD
T19318-G1	GIL - AASY/ Conduit & Wire
M13377B103	GIL - MOTOR
PMAVS4	FEP - STP MOTOR - 4HP (VARIABLE SPEED)
M06070B001	GIL - 3 BUTTON KEYPAD
WM011481	WAY - O RING 2in Diam
WM011477	WAY - O RING - RECTANGLE  1in X 2in
W2893891-003	WAY - O-RING - 1in Diam
WM00612-0002	WAY - o-RING - 1.5in Diam
DEC HPN6	ENCORE 500S PUMP NUMBERS
DEC HGE5SMDD	HUSKY BEZEL NOZZLE BOOT DIESEL (RIGHT)
DEC HGE5SGP50	HUSKY E500S GRADE PANEL (1+0 DSL MAX)
M02946A001	GIL - ENCORE TRANSFORMER
WU001689-0001	WAY - 1/4IN MNPT INLINE CHECK VALVE
W20VAPTS-3906446	WAY - OVATION PTS Retrofit kit
888469-001	WAY - COMPLETE BOOT ASSY
HOS WH-0751200-ARC	WHIP HOSE - 3/4in x 12in (ARCTIC)
HOS WH-1001200-ARC	WHIP HOSE - 1in x 12in (ARCTIC)
BUL RS422	BUL - RS422 Connector Kit
ZCL 210622	ZCL - 22IN CORK BUNA GASKET FOR MANWAY
WU010309-0001	WAY - Molded Housing Printer Carriage
M08182K001	GIL - C+ METER MASTER SEAL/SERVICE KIT
892704-001	WAY - ETHERNET SWITCH MOD/ OVATION
007-047478-057	WAY - DECALLED LOWER DOOR SIDE PANEL A F
007-047478-058	WAY - DECALLED LOWER DOOR SIDE PANEL B F
DEC 20785	DECAL SHELL: LEFT PECTEN- LOWER DOOR
DEC 21031	DECAL SHELL: RIGHT PECTEN- LOWER DOOR
DEC DWOV57E	DECAL SHELL: DSL/87/89/91 - ARROW - OV1
WU009581-0001	WAY - PRINTER CARRIAGE SUPPORT (DW14)
0330020-796	VRT - TLS 450 - SD CARD
78145606	EBW - GREY 39in SAFE-LITE FRP LID BLT DW
241TPS-10RF	OPW - SWIVEL 1IN (90 DEGREE) (E25/B20)
241TPS-75RF	OPW - SWIVEL 3/4IN (90 DEGREE) (E25/B20
WU002161-0002	WAY - ADDITIVE DOOR COMPONENT KIT
TSSP-PS	INC - (EVO) POWER SUPPLY
66S-1300	OPW - 1in SCUFF GUARD - (BREAKAWAY)
DEC Mobil E500S Grd Sel 4 GR	3+1 Grade Select Panel :87/ 89/ 91/ 94
RJK 410-156-001	RJK - 17 FT PIGTAIL KIT
BUL 13.3LILLIPUT	BUL - LILLIPUT TOUCH MONITOR - CUSTOMER
71SO-4010	OPW - OVERFILL VALVE - 71SO 7'to 10'
104FG-1200	OPW - 12 IN MANHOLE W FINGER HOLE
RDR ENC-LS-KIT	ENCODER INSTALL KIT: LS BENNETT METER
RDR ENC-HS-KIT	ENCODER INSTALL KIT: HS RED SEAL TYPE 40
RDR ENC-DEF-KIT	ENCODER INSTALL KIT: DEF TSC 682 METERS
RDR ENC-15S-894	ENCODER INSTALL KIT: MICON 500 HEADS
NT-SYN RED	NOZZLE TALKER - ESSO SYNERGY RED
NT-SYN GREY DIESEL	NOZZLE TALKER - ESSO SYNERGY DIESEL
CNI STP200	CNI - 12in COVER W/ PLUNGER
M06969A004	GIL - AC POWER CABLE - COLOUR DISPLAY
WU018538-0009	WAY - OVAT - SPM TRIM REPAIR KIT
WU010127-W007	WAY - OVA2 - NOZ BOOT ADAPTER - RH BOOT
WU010121-W007	WAY - OVA2 - SIDE PANEL LOWER SKIN - WHI
WU009037-0001	WAY - OVAT 2 - GASKET SIDE COLUMN TO FRA
BEL 12Q1600	BELL 25 GAL SPILL KIT-TROUSSE HYDROPHOBE
BEL 12Q10	BELL 45 GAL SPILL KIT-TROUSSE HYDROPHOBE
SLO 701507-60W3	SLOAN - 12V DC 60W LED DRIVER
GRE 296196003	BG FUELS - POWER SUPPLY - IPP320/LAN3000
GRE TM-T2011-062	BG FUELS - EPSON RECEIPT PRINTER
GRE SCANNER	BG FUELS - BULLOCH BARCODE SCANNER
GRE P2418HT	BG FUELS - DELL MONITOR TOUCH SCREEN
GRE LAN3000	BG FUELS - PIN PAD BULLOCH LAN 3000
GRE IPP320	BG FUELS - PIN PAD BULLOCH INJECTED
GRE M08001K107	BG FUELS - GIL (EMV) SPOT DISPLAY IOL
78220430-2	EBW - ANODIZE DROP TUBE 10ft X 4in - E85
T&B 371AL	THOMAS & BETTS 3/4 INCH ALUM HUB
UNC-3	OUT OF ORDER NOZZLE COVER -RED
DATA-PLATE	GIL - SERIAL PLATE
GPI 503000-05	GPI - 115V 20 GPM XTS-PUMP ONLY-PRO SERI
M00509A001	GIL  - CABLE PPU DOOR LEFT
HOS CR-075-3	HOSE CRIMPED - 3/4in x 3ft
330020-416	VRT - NON VENTED SWIFT CHECK VALVE
101SS-Z	EBW - 4in VAPOR SWIVEL ADAPTOR SS
BUL CS-4386	BUL - DB9-RJ45 ADAPTER (BLACK)
HOS 058-6	HOSE - 5/8in x 6ft
M07757A001	GIL - PPU LENS PANEL PLEXI - E-CIM ASSY
WU011269-0002	WAY - SOFT KEY (5.7 BRACKET) COLOUR
VAC SWI-XP	VAC SWITCH FOR A J BOX  (PN- VS9255)
M13888K404F	GIL - FP 4 - E700 KEYPAD - UPM MONERIS
BUL IMHD-MOB-DELL-W7	BUL - DELL HARD DRIVE -  MOBIL WINDOWS 7
BUL IMSSD-MOB-W10	BUL - SSD MOBIL - WINDOWS 10 W BOOT USB
BUL OCTOBOX-CAB	BUL - OCTOBOX CABLE
BUL DB92250	BUL - DB9M-DB25F ORANGE ADAPTER -
SLO POSTERBOX-SLIM2	SLIM2 LED STRIPS
M10206B001	GIL - FLEX PAY 4 - E700 RH SOFTKEY 10.4
M10206B002	GIL - FLEX PAY 4 - E700 LH SOFTKEY 10.4
ENE0402G002	GIL - E700 - ECIM LH SOFTKEY OVERLAY - W
ENE0502G002	GIL - E700 ECIM RH SOFTKEY OVERLAY - WHI
11BK-x009NC	OPW - NOZZLE 3/4in DSL S/S (W/O CLIP)
78133401	EBW - 19in FIBRGLS LID- BLACK- BOLT DOWN
LAM LED-EIK025W	EIKO LED LAM- - 25W/5000K
BUL IMSSD-INDWIN10	BUL - SSD - CIR K WIN10 W/BOOTABLE USB
WU001632-0001	WAY -  I-METER METER BASE SQUARE
BOL 3501655-	SUPER TAG 4in
BOL 3501775F-	TAG DIESEL BRASSE TENEUR DE SOUFRE
BOL 3501605F-	TAG ORIDINAIR 4 INCH
SGI CAPACITE-	TAG CAPACITE EN BRASS
BOL 3402015-1	BANDE ROUGE SUPER
BOL 340275-	BANDE REG/ETHANOL BILINGUE
BOL 3402022-1	BANDE JAUNE/VERTE LETTRES NOIRES
3M 78-6911-4959-1	3M - POWER SUPPLY - 9V 4AMP - CONTROLLER
WU002401-0001	WAY - CONNECTOR ADAPTER SERIAL DB9
WU012062-0001	WAY - CONNECTOR ADAP. RJ45 TO DB9F PUMP
7HBK-X009NC-XC	OPW - XC NOZZLE 1in -7HB WITHOUT CLIP-DI
WU015602-0002	WAY - GLASS ASSY - VGA WHITE
DEC 888460-001-366	WAY - DECAL - ACTUATOR DEF
WU010913-0001	WAY - OV2 - 10.4 SOFT KEY PAD/BRAKET ASS
WU018060-0001	WAY - INSERT REPAIR KIT
846397-506	VRT - MAG PLUS 7'6IN ALTERNATE FLUID/DEF
M15737A001	GIL - FLEX PAY 4 DCM 2.2(PRE-OMNIA)
M16181A002	GIL-FLEX PAY 4-PCA/OMNIA BRD/-M15758A002
M14346A001	GIL - FLEX PAY 4 - CABLE UPM TO PIP3 LV
M14620K001	GIL - (e700) - 10.4 PAY @ PUMP SCREEN
M13987A004	GIL - (E700) -10.4 COLOR SCREEN-(PREOMNI
M15649A002	GIL - FLEX PAY 4 - PCA OMNIA PIP -10.4in
M15724K001	GIL - (E700) - DCM 3 - DISP COM MODULE
ENE0402G025	GIL - (E700) ESSO BLU LEFT SOFTKEY
ENE0502G025	GIL - (E700) ESSO BLU RIGHT SOFTKEY
ENE0402G001	GIL - E700 - SOFTKEY DECAL RIGHT SUNCOR
E00584M	OPW - 14in LID - 1200 MANHOLE - PIG NOSE
M14482A912005	GIL - CIM DOOR 10.4in W/ADA-WHITE
846397-109	VRT - MAG PLUS 10ft PROBE
ENE0502G001	GIL - E700 ECIM RH SOFTKEY OVERLAY - BLA
EVO-TMPTR	INC - (EVO) THERMAL PRINTER ASSY
WU002840	WAY - OVA2 PAY@PUMP DISPLAY 10.4 IN MON
WU008829-0002	WAY - INTERFACE BD QVGA COLOUR - OVAT 2
BUL DP2HDMI2	BUL - HDMI TO DISPLAY PORT ADAPTER
BUL HDMI-140-10K	BUL - HDMI CABLE FOR MONITOR
WU015068-0002	WAY - OVA2 - DISPLAY ASSY/PCAP/VGA/WHITE
TP TL-SG108	8 PORT ETHERNET SWITCH
DEC 888459-105-082	DECAL SHELL:  PANEL 87/89/91/DSL/VPD -FR
M10656B001	GIL - DEF NOZZLE MAGNETIC TOOL
M00053A002	GIL - ENCORE 24 VOLT POWER SUPPLY
887813-001-F32	WAY - OVA - CARD READ/SPM BEZEL CHARCOAL
DEC WOB23-E-PTS-E1	DECAL SHELL: VPD/DSL/87/91/93 - OV1
DEC HGE5SNBR	HUSKY BEZEL NOZZLE BOOT GAS (RIGHT)
BUL TL073A	BUL - DUAL PAYPOINT SPLITTER KIT
DSTICK-15	DIPSTICK - 15ft  PN - JAL RJD15
M13987A002	GIL - FLEX PAY 4 PCP BD FOR 10.4 IN DISP
000-127530	WAY - VISTA ON/OFF HANDLE SPRING
WU016373-0002	WAY - CARD READER/ CONTACTLESS C150S-NP
CIM 50109	FILTER HOUSING  1in x 1in (70068)
WU019854-0001	WAY - WIRELESS MODULE/ INSIDE STORE
W2894142-002	WAY - FUSION UDB (I/ZI2Z0/QR/Z - 1)
DEC WV590U-A-PTS-E1	DECAL SHELL: 87/91/93 GRADE- VISTA
DEC DWOV04E	DECAL SHELL: $ GRAY
DEC DEFPTS	E500S DEF PTS BUTTON
M15922K001	GIL - Kit/ Protector Screen Encore Main
M15922K003	GIL - Kit/ Protector Screen Encore 5.7 S
HOS 058-13	HOSE - 5/8in x 13ft
TSP-KV4	INC - SENSOR PLUNGER STYLE CAP WITH VE
21GU-H12	OPW - HOSE DEF 12ft X 1in (Blue)
889295-001	WAY - OUTLET CASTING OVATION
012-047478-0W7	WAY - OVT 2 FRIDGE DOOR/ BIG SCREEN - WH
887813-003-A17	WAY - OVA - CARD READ/SPM PANEL (GREY) S
WU003083-24-MIG24	WAY - IX-RED BOARD MONERIS
892638-005-005BULW	WAY - SPM KEYPAD - INJ BULLOCH
MOR 305XPA0200 AK	4 IN SENSOR SNAP CAP & COLLAR ASSY
PMP 22018	PMP - GIL/BEN PUMPING UNIT (M04920B003)
DEC BRVI02	DECAL SHELL: LOWER DOOR - RED/WHITE STRI
DEC BRVI00	DECAL SHELL: LOWER DOOR - WHITE 55x39in
M10030A001	GIL - PCA CORIOLIS INTERFACE BOARD
BUL APGCD	BUL - APG CASH DRAWER (5 SLOTS)
BUL PH-110-APG	BUL - CABLE APG CASH DRAWER(RJ45 & RJ11)
M14595A002	GIL - E700 - INTERCOM INTERFACE BD
GUI JBOX ASSY	GUILLEVIN JUNCTION BOX J-BOX /W FITTINGS
331190-001	VRT - TLS350 - AC INPUT MODULE
WU008545	WAY - OV2 5.7 - COLOR QVGA - BACKLIGHT
M18805K001	GIL - ENC DEF - SINGLE MANIFOLD KIT
WU018887-0001	WAY - CABLE ASSY - SPM TO GEN 5 READER
GIR TIP	TERM C/W PROX READER W DISPL/KEYPAD ASSY
DEF N77-2729	1.05 - 1 1/4 - MIKALOR CLAMP
DEF N400-075-075SS	3/4 HOSE X 3/4 MALE NPT - 3/16 SS STEM
DEF N79-100	CUSHIONED TUBE SUPPORT FOR 1 INCH
M13119A003	GIL - CABLE - 10.4 VANGUARD DISPLAY
14C-0900NC-XC	OPW - 14C XC NOZ 3/4in DSL-NO DRIP YEL
ZCL COVER-39	ZCL - 39in STP SUMP COVER (FIBERGLASS)
DEC WU010210-0154	DECAL CO-OP: PTS PANEL; DSL
DEC WU010212-0189	DECAL CO-OP: PTS PANEL; 87/89/91
WU018538-0007	WAY - OVAT - SPM TRIM REPAIR KIT F032
WU015068-0001	WAY - DISPLAY ASSY/ PCAP/ VGA/ BLACK
B70 63X IMPELLER	RED IMPELLER WITH SHAFT - TRANSFER PUMP
HOS CR-058-15	HOSE CRIMPED - 5/8in x 15ft
MOR 571-0100 AE	4" FILL PIPE EXTENSION 3.5" HEIGHT
PMP 007-300825	WAY OVA - IS BARRIER ASSY - RBT PMP
PMP 63228	PMP - GRAY NONDIS SENS - VRT 794380-208
PMP 68613	PMP - DW-12 PRINTER - WAY 891687-R01
M12702A202R	GIL - E700 - PUMP CONTROL NODE 3+
M17721A001	GIL - DEF TWO STAGE VALVE (M02321A005)
WU002137-0001	WAY - SENSOR SWITCH-OVT VPWR DSL ADDITIV
892753-001	WAY - MAGNET-OVT VPWR DSL ADDITIVE DOOR
WU002194-0001	WAY - CONDUIT ASSY. ISB-OVT PWR DSL SWIT
846397-107	VRT - MAG PLUS 8ft PROBE
M14004A004	GIL - E700 - COLOUR DISPLAY 10.4 INCH
DEC SCBIODIESEL01	May Contain 5% Bio-Diesel Decal
DEC SH111339-A-NC-E	Pump Payment Decal (CAA/ BCAA/ AMA)
PIU R1342900C	KEYPAD & LABEL KIT MCBOX/SELFSERVE
Q12514-10	GIL - DEF MAGNETIC PROX REED SWITCH
HOS CR-058-13	HOSE CRIMPED - 5/8in x 13ft
HOS CR-058-8	HOSE CRIMPED - 5/8in x 8ft
HOS CR-058-8-6	HOSE CRIMPED - 5/8in x 8ft 6in
HOS CR-058-9	HOSE CRIMPED - 5/8in x 9ft
HOS CR-075-12	HOSE CRIMPED - 3/4in x 12ft
HOS CR-075-15	HOSE CRIMPED - 3/4in x 15ft
HOS 075-4	HOSE - 3/4in x 4ft
HOS CR-075-8	HOSE CRIMPED - 3/4in x 8ft
HOS CR-075-8-6	HOSE CRIMPED - 3/4in x 8ft 6in
HOS CR-075-9	HOSE CRIMPED - 3/4in x 9ft
HOS CR-100-12	HOSE CRIMPED - 1in x 12ft
HOS CR-100-15	HOSE CRIMPED - 1in x 15ft
HOS CR-100-20	HOSE CRIMPED - 1in x 20ft
HOS CR-100-25	HOSE CRIMPED - 1in x 25ft
HOS CR-100-9	HOSE CRIMPED - 1in x 9ft
HOS WHCR-0581200	WHIP HOSE CRIMPED - 5/8in x 12in
HOS WHCR-0751200	WHIP HOSE CRIMPED - 3/4in x 12in
HOS WHCR-075600	WHIP HOSE CRIMPED - 3/4in x 6in
HOS WHCR-075800	WHIP HOSE CRIMPED - 3/4in x 8in
HOS WHCR-075900	WHIP HOSE CRIMPED - 3/4in x 9in
HOS WHCR-1001200	WHIP HOSE CRIMPED - 1in x 12in
HOS WHCR-100900	WHIP HOSE CRIMPED - 1in x 9in
COM NANO-NCTD-12M14F	Auto Drain Valve+Y Strain 1/2(M)-1/4in(F
PMP 62352	PMP - DISC SENS LONG - VRT 794380-352
PMP 62322	PMP - DISC SENS SHORT - VRT 794380-322
PMP 63409	PMP - INTSTITIAL DRY SENS - 794390-409
PMP 62811	PMP - WAY OV 3 PROD PPU - 892136-101
VRT 794380-352-SHELL	VRT - SHELL - DISC SUMP SENS (LONG)
WU011879-0001-R	WAY - IX JADE BOARD (GENERIC)
104AOW-1800	OPW - 18in MONITORING WELL MANHOLE - BOL
330020-067	VRT - PROBE/SENSOR/ CABLE SEAL KIT
330020-617	VRT - TLS 450 - RS232 COMMUNICATION BD
ENE0615G156	GIL - E700 - ADA MEMBRANE DECAL - ULTRAM
ENE0615G159	GIL - E700 - ADA MEMBRANE DECAL - ESSO
DIX N3026-100	1IN CHROME ALUM/BRASS  M/F NPT SWIVEL
M10742K003	GIL - PPU UPGRADE KIT (E300)
M10742K005	GIL - PPU UPGRADE KIT (ENCORE S)
M10742K007	GIL - PPU UPGRADE KIT (E500S & E700S)
M16785A903	GIL - ASSY/ PUMP CONTROL NODE (PCN3+)
M07991A003057	GIL - E700 PRINT DR ASSY - TITANIUM  IOL
EU04001G1556	GIL PRESS FOR ASSISTANCE GREY ESSO IOL
859080-002	VRT - SMART DPLLD (TLS-450) W/ SWIFT CH
PMP 22082	PMP - PROP VALVE FOR GIL (M02227A001)
M15550A401F	GIL - UPM ALPHA NUMERIC KEYPAD (Global)
HOS CR-075-13	HOSE CRIMPED - 3/4in X 13ft
SBK-25	EBW - ADJUSTABLE STABILIZER BAR
11BK-X009NC-XC	OPW - XC NOZZLE 3/4in DSL S/S (W/O CLIP)
EU02008G237	GIL - ENC OCTANE KIT ESSO IOL SYNERGY
ENS0908G046	GIL - (E700) ESSO 4+0 BRAND PANEL
EN08005G038	GIL - ENC L-CIM BRAND 4GR NOTOT
EU02008G239	GIL - ENCORE OCTANE KIT ESSO IOL SYNERGY
ENS0905G185	GIL - (E700) ESSO 4+1 (D EFF) BRAND PNL
WM043925-0001	WAY - I-METER END PATE ORING
E00512M	OPW - 19.5in CAST IRON 104A LID
E00515I	OPW - 13.5in MONITORING WELL LID
BUL IMSSD-ESSWIN10	BUL - IMAGED SSD ESSO WIN10 -DELL
VRT 794380-208-SHELL	VRT - SHELL - SUMP SNSR - GRAY NON-DISC
VRT 794380-303-SHELL	VRT - SHELL - DUAL POINT HYDROSTATIC FLT
W2893913-001	WAY - KIT/ RETROFIT IX BLUE BRD TO JADE
NET GS116NA	NET - 16PORT GIGABIT ETHERNET SWITCH
SCPR 622454418622	JBOX - SCEPTER 4X4X2 J BOX
INV SP0557	INVENCO - 15.6in SCREEN PROTECTOR
PMP 26082	PMP - (OVA 2) WAY I GEM METER 2
001-047790	WAY - VISTA NOZZLE BOOT
WU007624-0001	WAY - DHW1 KEY/LOCK
WU001482-0001	WAY - BRACKET LATCHING 2/V 3/V RETROFIT
EU02008G227	GIL - (E700) ESSO OCTANE KIT
EU04001G1554	GIL - (E700) ESSO BLU PRESS FOR ASSISTAN
ENE0302G025	GIL - (E700) ESSO BLU 10.4 DISPLAY MASK
ENE0615G162	GIL - (E700) ESSO IOL ADA KEYPAD-BLUE
ENS1201G805	GIL - (E700) ESSO BLU BEZEL  LEFT
ENS1201G806	GIL - (E700) ESSO BLU BEZEL  RIGHT BLANK
ENS0804G728	GIL - (E700) ESSO 3+0 BRAND PANEL
ENS1401G705	GIL - (E700) ESSO CROWN GRAPHIC
ENE0606G060	GIL - (E700) ESSO BLU FLEXPAY IV CARD RE
ENE0706G006	GIL - (E700) ESSO BLU FLEXPAY IV TRIND
EN13001GA1981	GIL - (E700) ESSO BLU LWR DOOR  IOL SYNE
ENE0201G236	GIL - (E700) ESSO BLU MAIN DISPLAY ($)
ENS1105G152	GIL - (E700) ESSO BLU LEFT NOZZLE BLANK
ENS1103G482	GIL - (E700) ESSO BLU RIGHT NOZZLE BOOT
ENS1104G330	GIL - (E700) ESSO BLU LEFT NOZZLE BOOT
ENS0904G1705	GIL - (E700) ESSO 3+1 (D EF  S+) BRAND P
ENS0904G1707	GIL - (E700) ESSO 3+1 (D EF) BRAND PANEL
ENS0904G1008	GIL - (E700) ESSO 3+1 BRAND PANEL
ENS0905G126	GIL - (E700) ESSO 4+1 BRAND PANEL
ENE0302G024	GIL - (E700) ESSO GRY 10.4 DISPLAY MASK
ENE0614G571	GIL - (E700) ESSO GRY ADA KEYPAD W/ CALL
ENS1201G807	GIL - (E700) ESSO GRY BEZEL  LEFT
ENS1201G808	GIL - (E700) ESSO GRY BEZEL  RIGHT BLANK
ENS0802G559	GIL - (E700) ESSO 1+0 BRAND PANEL
ENE0402G026	GIL - (E700) ESSO GRY LEFT SOFTKEY
ENE0502G026	GIL - (E700) ESSO GRY RIGHT SOFTKEY
ENE0606G023	GIL - (E700) ESSO GRY FLEXPAY IV CARD RE
ENE0706G007	GIL - (E700) ESSO GRY. FLEXPAY IV TRIND
ENE0201G237	GIL - (E700) ESSO GRY MAIN DISPLAY ($)
ENS1105G153	GIL - (E700) ESSO GRY LEFT NOZZLE BLANK
ENS1103G483	GIL - (E700) ESSO GRY RIGHT NOZZLE BOOT
EN13001GA1982	GIL - (E700) ESSO GRY LWR DOOR  IOL SYNE
W202BZL-3751608	WAY - OVA2 UPPER DOOR - 3 PROD VER 1-7IN
MOR 609DEF0000 1B	MOR - 3/4in X 3/4in DEF BREAKAWAY
RJK 014-723-1	RJK - MAGNETIC CONTACTOR
WM000502	WAY - I-METER MAGNETIC RING
883924-002	WAY - CABLE ASSY TB PNTR TO OCP
VRT 846400-001-SHELL	VRT - SHELL - DIESEL FLOAT MAG+ 4in
DEC AA-11041-A	DECAL - WAYFINDING (DIE EF/R/E/S/S+)
DEC AA-11018-A	DECAL - WAYFINDING (R/E/S/S+)
19DB-0075	OPW - BREAKAWAY/ DEF 3/4in MNPT x FNPT
FMP-HIS-XL	INC - HYDRO INTERSTITIAL SENSOR XL
M18405K001	GIL - OMNIA RJ45 ADAPTER
70000703	WAY - PRINTER PAPER
UNI 60-1212	UNIVERSAL - MANHOLE 12in X 12in
DEC WV590U-A-PTS-F1	DECAL SHELL: 87/91/93 GRADE- VISTA (FR)
DEC 888459-102-189	DECAL SHELL: VPD/DSL - OV1 (FR)
DEC DWOV41F	DECAL SHELL: 87/89/91 - ARROW - OV1 (FR)
DEC WOR22-C1-PTS-F1	DECAL SHELL: DSL/VPD - OV1 (FR)
100SS-Z	EBW - 4in STAINLESS STEEL SWIVEL COLLAR
SCH RGZE1S35M	SCHNEIDER - SOCKET 10A 250V SCREW CONN
SCH RXG12F7	SCHNEIDER - RELAY/ PLUG IN 120V 10A
0794390-700	VRT - MONITORING WELL VAPOUR SENSOR
101BG-2100	OPW - 5 GAL BELOW GRADE SPILL (THREAD ON
DSTICK-16	DIPSTICK - 16ft
DEC PION-PTS	DECAL - PIONEER PUSH TO START
M10164B001	GIL - (DEF) FLANGE SEAL
RJK 410-152-002	RJK - HIGH PRESSURE CHECK VALVE HOU
WM046966-0001	WAY - O-RING/ FLUROSILICON
M13888A402FA	GIL - FP 4 -E700 KEYPAD-UPM MONERIS EAST
PA04080000	GIL - BRCM/ BACK ROOM COMM MODULE
PA04090000022	GIL - DBOX (BLACK)/ RJ45
PA0435200002	GIL - BRCM2/64 UNIVERSAL FWB ONLY
BUL DELL-XE4-MOB	BUL - DELL PC/TOWER MOBIL WIN10
W2894440-105-008	WAY - SPM KEYPAD - FED COOP MON WES SHA2
M13888A406FA	GIL - FP4 - E700 KEYPAD UPM/ MONERIS FR
M16308K001	GIL - ENC - SINGLE PHASE MOTOR KIT
WM051632-0002	FILTER - CELLULOSE/ HYDRO STOP/ 25 MIC
021-301176-HRN	WAY - PULSER/ OVAT 590U ATC CABLE
M16785A915	GIL - PUMP CONTROL NODE ASSY 4+ W/ LON
662501201	EBW - SHEAR VALVE TOP UNION 1.5in
WU010264-0004	WAY - CABLE ASSY/ PULSER/ 590U ATC
0330020-612	VRT - TLS-450 - SITEFAX MODULE
804023901	EBW - ASSY/ 2in VENT CAP
F0049801A	PIUSI - K700 PULSER 2in NTP
M10339B001	GIL - NOZZLE BOOT BLANK
400589930	FEP - VL COVER SPARE
PTV 20-4003	PTV - REPLACEMENT LOCK K095
320132-001	TOK - GRADE SELECT KEYPAD 1X5 - PREM B
C05223M	OPW - SHROUD CAP KIT
C05239M	OPW - RETRACTOR FOOT (P100-3)
M14385K006	GIL - KIT LED/ M04588A001 5+0
WU006410-0001	WAY - BOARD CONNECTOR SUCTION
M07121A002R	GIL - PCA/ POWER SUPPLY
WU007044-0001	WAY - PANEL ASSY C150S NP CONTACTLESS
WU021906-0001	WAY - WIRED CONNECT/SUBSCRIBER UNIT-CAT5
FMP-DTS	INC - DISCRIM TURBINE SUMP SENS 3WIRE
VRT 794380-322-SHELL	VRT - SHELL - DISC SUMP SENS (SHORT)
W2893222-005	WAY - OVA - PTS PANEL (5 GRADE) NS
M07991A003051	GIL - E700 PRINT DR ASSY - WHITE
M01233A002	GIL - CALL BUTTON CABLE
WM027313-0001	WAY - OVA - POWER 24V
WM045513	WAY - KEYPAD SOFT KEY 10.4
77720102	EBW - FILL CAP 4in PLASTIC
881141-005	WAY - DW1 - PRINTER DOOR BARREL KEY
M02385A002	GIL - PROXIMITY SWITCH
M04570A001	GIL - SAT INDICATOR W/ VALVE CONTROL
M10131A008	GIL - DEF CONDUIT & CABLE/ SNSR FRZN ASS
M14234K902056	GIL - (E700) CIM DOOR/ BLUE
400216905	FEP - AG COMPATIBLE O-RING KIT
E00622	OPW - LID CONQUISTADOR 39in BOLT DOWN
M12672A001	GIL - DEF CABLE/ FLAP DOOR CABLE
0846400-004	VRT - 4in ALT FLUID FLOAT KIT
TSSP-420IB	INC - (EVO) 8 INPUT/ 4-20mA
MOR 610-0100AR	MORRISON - HOSE RETRIEVER ASSY W/ WEIGHT
VRT 857080-212-SHELL	VRT - SHELL - 24in MAG SUMP SENSOR
WU009325-0001	WAY - PANEL/ SHIELD/ PTS
M10092A004	GIL - DEF ASSY/ CONDUIT & CABLE CORIOLIS
PMP 62601	PMP - KEYBOARD FOR TLS-350
DEC DUV023F	DECAL SHELL: ETHANOL- WHITE (FR)
DEC DUV017F	DECAL SHELL: WARNING STATIC ELEC (FR)
DEC DUV019F	DECAL SHELL: RECEIPT- WHITE (FR)
DEC DWD044F	DECAL SHELL: 87/89/91 GRADE- VISTA (FR)
DEC DWD043F	DECAL SHELL: 87/89/91 WINDOW- VISTA (FR)
RJK 852-221-5	RJK - 2 HP STP MOTOR
VRT 857080-211-SHELL	VRT - SHELL - 12in MAG SUMP SENSOR
WU007403-0001	WAY - TUBE/ ADDITIVE. MOTOR TO FILTER
846397-108	VRT - MAG PLUS 9ft PROBE
SQD ZBRBS844	EMERGENCY STOP PUSH BUTTON
SQD ZB4BZ102	EMERGENCY STOP CONTACT BLOCK
HOS 075-17-ARC	HOSE - 3/4in x 17ft (ARCTIC)
846397-304	VRT - MAG PLUS 6ft PROBE INV+WATER
DEC WU010213-0539	DECAL CENTEX: 3+1 OVERLAY
DEC 888460-001-630	DECAL CENTEX: DIESEL PTS
DEC 888460-001-631	DECAL CENTEX: 87 REG PTS
DEC 888460-001-632	DECAL CENTEX: 89 PLUS PTS
DEC 888460-001-633	DECAL CENTEX: 91 SUPER PTS
WU020178-0001	WAY - CABLE ASSY/ 24V PRINTER ANTHEM
W2894440-105-003	WAY - SPM KEYPAD - CENTEX MONERIS WEST
ENS0604G130	GIL - (E500) - CALL OVERLAY ULTRAMAR
888490-005	WAY - ORING/ OUTLET CASTING LARGE
888489-005	WAY - ORING/ OUTLET CASTING SMALL
M07991A003002	GIL - E700 PRINT DR ASSY - BLACK
INV IP0160	INVENCO - TAP READER/ GLOBAL/ SCC MODULE
INV IP0156	INVENCO - 15in SCREEN/ G7
INV IP0167	INVENCO - CARD READER/KEYPAD/ UPC MOD
INV EO0054	INVENCO - POWER SUPPLY/ MEANWELL HLG-185
INV IP0127	INVENCO - APC MODULE/ GLOBAL
INV IA0040	INVENCO - LINK/ 2WIRE DISPENSER
INV EO0053	INVENCO - PRINTER
INV IA0039	INVENCO - LINK/ 16-CHANNEL STORE
M06750A002	GIL - CABLE/ PPU/SATELLITE ON INDICATOR
WU009583-0001	WAY - SUPPORT PRINTER ASSY
PA03820003	GIL - (PSS 5000) PSS 5000 UNIT
BUL VSON-24	BUL - VIEWSONIC 24in TOUCH SCREEN MONITO
LAM LED-G7-400WHID	FLEXWATT LED ADJUSTABLE UP TO 400W
DEC 888459-103-418	DECAL CO-OP: PTS PANEL 87/89/91
M13118K008R	GIL - (EMV) PCI2 KEYPAD - CORE ITEM
**NO INV PART	NO INVENTORY PARTS USED
BUL DELL-XE4-ESSO	BUL - DELL PC/TOWER XE4 ESSO IMAGED W10
INV EK0229-A	INVENCO - CABLE ASSY/ DC POWER/ .05m
INV E00076-01	INVENCO - SWITCH/ ETHERNET ADA BOX
SHELL 887813-001-0W7	SHELL USED - KP/CR BEZEL
SHELL 891687-R01	SHELL USED - DW12 PRINTER
SHELL 891965-R01	SHELL USED - MAIN DISPLAY
SHELL 892131-001	SHELL USED - QVGA DISPLAY (WU004677)
SHELL 892638-005-009SHEL	SHELL USED - SPM KEYPAD (SHELL INJ)
SHELL W2893895-001	SHELL USED - CARD READER (PCI 3)
SHELL W2894113-001-R	SHELL USED - CONNECT/ IN DISP IP485
SHELL WU003083-R	SHELL USED - RED BOARD
SHELL WU012783-0001-R	SHELL USED - DW14 PRINTER
SHELL W2893895-002	SHELL USED - CARD READER (PCI 5)
SHELL WU011879-0001-R	SHELL USED - JADE BOARD/ NCR MONERIS
WU010197-0018	WAY - OVA 2 - MAIN SALES VOLUME GLASS
WM011472-0001	WAY - O RING - XFLO METER BASE (BONE)
HOS CR-075-20	HOSE CRIMPED - 3/4in x 20ft
CONSIGN SHELL-352	CONSIGNMENT - SHELL CMS 352 SENSOR
CONSIGN SHELL-322	CONSIGNMENT - SHELL CMS 322 SENSOR
DEC DWOV46F	DECAL SHELL: DSL/87/89/91- ARROW-OV1 (FR
DEC WO2B12-Q-PTS-E1	DECAL SHELL: 87/89/91 - OV2
DEC WO2B23-F-PTSA-E1	DECAL SHELL: DSL/87/91/93 - ARROW - OV2
DEC WO2B23-F-PTS-E1	DECAL SHELL: DSL/87/91/93 - OV2
DEC WO2B23-W-PTS-E1	DECAL SHELL: VPD/DSL/87/89/91 - OV2
DEC WOR22-C1-PTSA-E1	DECAL SHELL: DSL/VPD - ARROW - OV1
DEC WO205F	DECAL SHELL: 87/89/91 - OV2 (FR)
TP5-4	4in EXPANSION PLUG
SHELL WM001908-R003	SHELL USED - IGEM BOARD
SHELL 891569-001	SHELL USED - PPU PCB CONTROL UNIT
SHELL 887225-R01	SHELL USED - AC DIST. RELAY BOARD
SHELL WM053972-0001	SHELL USED - PPU CONTROL BRD (NO PPU)
SHELL 887223-001	SHELL USED - PCB IGEM 24V DISTRIBUTION B
SHELL 892136-102	SHELL USED - 5 PRODUCT PPU DISPLAY
SHELL WU003355-0001	SHELL USED - SINGLE LCD PPU
SHELL WU015106-0001	SHELL USED - KEYPAD PUSH CAP QVGA
WU015781-0001	WAY - CABLE ASSY; PUSH CAP QVGA
SHELL WU015781-0001	SHELL USED - CABLE; PUSH CAP QVGA
PMP 28011	PMP - LC M-5 ADJUST (4 SCREW DUST COVER)
M14338A007	GIL - CABLE/ OMNIA/UPM LVDS
M16183A002	GIL - OMNIA WITH DCM3
VRT 846397-109-SHELL	VRT - SHELL - MAG PLUS 10ft PROBE
VAC REPAIRKIT	VACCUMM REPAIR KIT (GBY KR0008)
W2894474-001-008	WAY - SPM2.5 KEYPAD - FED COOP MONER WES
WM001908-0013-R	WAY - IGEM BOARD
CNI GAC	CNI - 12in MANHOLE LID - GRAVITY
SHELL 007-300825	SHELL USED - IS BARRIER ASSY
SHELL WU015598-0002	SHELL USED - GLASS ASSY - 5.7 QVGA (WHIT
SHELL 887818-002-0W7	SHELL USED - QVGA DISPLAY PANEL (WHITE)
HOS WHCR-0751200YE	WHIP HOSE CRIMPED - 3/4in x 12in (YELLOW
WU026076-0001	WAY - J1 CONNECTION JADE JUMPER
WU015789-0010	WAY - PRICE & SALES VOLUME GLASS/ WHT
DEC SH111339-A-C-E	DECAL SHELL: CONTACTLESS PUMP PAYMENT
DEC WO2R22-B1-PTS-E1	DECAL SHELL: VPD/DSL - OV2
DEC WO2R11-A1-PTS-E1	DECAL SHELL: DSL - OV2
DEC WV399-C1-PTS-E1	DECAL SHELL: DSL/VPD GRADE- VISTA
DEC WV399-C1-PD-E1	DECAL SHELL: DSL/VPD WINDOW- VISTA
GRE CYBERA	BG FUELS - CYBERA BOX
M11964A001	GIL - CABLE/ OTI TO SPOT
GRE SSD-WIN10	BG FUELS - WIN 10 SSD
GRE 13.3LILLIPUT	BG FUELS - 13.3in LILLIPUT CUST DISP
GRE OCTOBOX	BG FUELS - OCTOBOX
WU007451-0001	WAY - BOM REFILL LIGHT PREM DIESEL
M12828A001R	GIL - CRIND NODE 4
M13968K001	GIL - DUAL HEAD CARD READER
M08223A001R	GIL - ULTRA HIGH INTERFACE BOARD
ENS1043R013	GIL - DECAL: DIESEL/DEF GRADE PANEL
ENE0615G001	GIL - DECAL: ADA PRINTER DOOR BLACK
ENE0301G001	GIL - DECAL: ECIM 5.7in MONO SOFTKEY
CNI OOCL12	CNI - 12in OBSERVATION PORT LID
CNI OOCL7	CNI - 7in OBSERVATION PORT LID
CNI GAC-39	CNI - GRAVITY SNOWPLOW RING ASSY
MOR 610B-0200AB	MORRISON - HINGED BASE FOR HOSE RETRIEVE
MOR 611-0100AH	MORRISON - 1in HOSE HANGER W/ SLING
WU015068-0003	WAY - DISPLAY ASSY/ PCAP/ VGA/ GRAY
DEC WU010213-0403	DECAL CHEVRON: 94/91/89/87 GRADE PANEL
DEC WU010215-0163	DECAL CHEVRON: DSL/94/91/89/87 GRADE PAN
DEC 888460-001-442	DECAL CHEVRON: DIESEL PTS
DEC 888460-001-010	DECAL CHEVRON: 94 PTS
DEC 888460-001-007	DECAL CHEVRON: 91 PTS
DEC 888460-001-003	DECAL CHEVRON: 89 PTS
DEC 888460-001-002	DECAL CHEVRON: 87 PTS
KRA SK449	KRAUSE ATC BOARD
PKL M13118K008R	PARKLAND STOCK: GIL PCI2 KEYPAD
PKL M08001K102R	PARKLAND STOCK: GIL GLOBAL SPOT DISPLAY
PKL M13940K004	PARKLAND STOCK: GIL HCRS SANKYO CARD REA
MACE PA02610000022	MACEWEN STOCK: DBOX UNIVERSAL 2-PC TS/PA
MACE WU008980-0002	MACEWEN STOCK: COMPLETE FUSION V2 6000
M13722A002	GIL - E700 - CABLE LVDS DATA DISPLAY
M14134A001	GIL - E700 - CABLE KYOCERA BACKLIGH VAN
M14340A002	GIL - E700 - CABLE 24VDC POWER VANGUARD
DEC NO SMOKE-IGNITION	DECAL: NO SMOKING/IGNITION - 12x8
M15241A002	GIL - CABLE REMOTE MANAGEMENT CCP3 - PCN
GRE M13118K006	BG FUELS - GIL (EMV) KEYPAD PCI2
CANT 0329370-004	CANT USED: VRT TLS 350 PRINTER
CANT 0576010-695	CANT USED: VRT BATTERY
CANT 0794380-322	CANT USED: VRT DISCRIMINATING SENSOR
CANT 329328-002	CANT USED: VRT TLS 350 KEYBOARD
CANT 329356-002	CANT USED: VRT PROBE INTERFACE MODULE
CANT 329357-001	CANT USED: VRT TLS 350 MOTHERBOARD
CANT 329358-001	CANT USED: VRT INT SENSOR MODULE
CANT 329359-001	CANT USED: VRT 4 RELAY OUTPUT
CANT 329389-001	CANT USED: VRT IS BARRIER BRD
CANT 330734-001	CANT USED: VRT POWER SUPPLY TLS-350
CANT 330843-001	CANT USED: VRT PLLD INTERFACE MODULE
CANT 331408-001	CANT USED: VRT DISPENSER CONTROLLER BRD
CANT 333593-001	CANT USED: VRT ECPU2
CANT 400988932	CANT USED: FEP R CHECK VALVE
CANT 5800100215	CANT USED: FEP STP SCI -SMART CON
CANT 600-0180	CANT USED: INC YELLOW PROBE CABLE
CANT 70849101	CANT USED: EBW VR ADAPTOR OVERFILL VALVE
CANT 71SO-4000	CANT USED: OPW OVERFILL VALVE
CANT 78130401	CANT USED: EBW 19in BLACK FRP LID
CANT 78130405	CANT USED: EBW 19in YELLOW FRP LID
CANT 794380-208	CANT USED: VRT GRAY NON-DISC SENSOR
CANT 846390-107	CANT USED: VRT 8ft PROBE
CANT 846390-109	CANT USED: VRT 10ft PROBE
CANT 847490-001	CANT USED: VRT EXPANSION BRD
CANT APH LEF-10	CANT USED: AIPHONE LEF-10
CANT BUL CL050A-R3	CANT USED: BULLOCH BLACK BOX
CANT DIPSTICK-TUBE	CANT USED: DIP STICK TUBE
CANT EMV PANEL	CANT USED: GIL EMV PANEL
CANT EVO-5000	CANT USED: INC COMPELTE EVO 5000
CANT FMP-DDS	CANT USED: INC DISC SUMP SENSOR
CANT FMP-DIS	CANT USED: INC SUMP SENSOR
CANT FMP-LL3-131	CANT USED: INC INCON LL3 PROBE
CANT FMP-ULS	CANT USED: INC INCON SENSOR
CANT FRIDGE DOOR	CANT USED: GIL COMPLETE FRIDGE DOOR
CANT M00068A001R	CANT USED: GIL 500S ATC NODE
CANT M00515A003	CANT USED: GIL MANAGER KEYPAD CABLE
CANT M01922A007	CANT USED: GIL PUMP NODE
CANT M04219A001R	CANT USED: GIL HENGSTLER PRINTER W/O CHU
CANT M05835A003	CANT USED: GIL DOOR NODE 4
CANT M05835A004R	CANT USED: GIL PCA DOOR NODE 4
CANT M06745A009	CANT USED: GIL PRINTER CABLES
CANT M07555A004R	CANT USED: GIL POWER SUPPLY ASSY
CANT M07793A004	CANT USED: GIL SPOT INTERFACE BRD
CANT M07895A001	CANT USED: GIL HIP COMM BRD
CANT M07956A002	CANT USED: GIL CABLE ASSY
CANT M07957K019	CANT USED: GIL CALL CABLE
CANT M07991A001005	CANT USED: GIL WHITE PRINTER PANEL
CANT M08001K117R	CANT USED: GIL CAN TIRE SPOT
CANT M08037B002	CANT USED: GIL CRIND EXP KIT PAM 5000
CANT M08072A001	CANT USED: GIL E500S SPEAKER
CANT M11697B001	CANT USED: GIL GCM
CANT M12803A00XR	CANT USED: GIL DOOR NODE 5
CANT M12893A00X	CANT USED: GIL SINGLE SANDPIPER PPU
CANT M13118K006	CANT USED: GIL PCI2 KEYPAD
CANT M13448A001	CANT USED: GIL MANAGER KEYPAD
CANT M13832B005	CANT USED: GIL PRINTER BLUE LOCK PINS
CANT M13836A010	CANT USED: GIL EMV HIP ELECTRONICS
CANT M15182B002	CANT USED: GIL COMBINED PULSER E500S
CANT PA02410010R	CANT USED: GIL PAM 1000
CANT PA04090000022	CANT USED: GIL D BOX
CANT T19386-G1R	CANT USED: GIL T METER BRD
CANT TS-LSU500	CANT USED: INC FFS LEAK DETECTOR
CANT TSP-HIS-XL	CANT USED: INC HYDRO INTER SENSOR
CANT TSP-LL2-101	CANT USED: INC PROBE
CANT TSP-LL2-131	CANT USED: INC INCON LL2 PROBE
CANT VALANCE	CANT USED: GIL CANADIAN E500S VALANCE
PMP 80120	PMP - WAY IMETER2 SEAL KIT
HOS CR-075-9 YEL	HOSE CRIMPED - 3/4in x 9ft (YELLOW)
HOS WHCR-075900YE	WHIP HOSE CRIMPED - 3/4in x 9in (YELLOW)
M07973A006	GIL - CABLE DISPLAY POWER RESET CCP
887813-003-0W7	WAY - OVA - CARD READ/SPM PANEL (WHT)
SHELL WU002840	SHELL USED - VGA DISPLAY; 10.4in COLOUR
KIL GRSS-2	KILLARK - 3/4in JBOX - EXPLOSION PROOF
KIL GRSS-3	KILLARK - 1in JBOX - EXPLOSION PROOF
DEC WOB23-F-PTS-E1	DECAL SHELL: DSL/87/91/93 - OV1
DEC WOB23-E-PTSA-E1	DECAL SHELL: VPD/DSL/87/91/93-ARROW-OV1
MACE 010-048015	MACEWEN STOCK: I-METER
WU015331-0001	WAY - GASKET - SALES VOLUME/UPD
HOS 075-8-ARC	HOSE - 3/4in x 8ft (ARCTIC)
SHELL WU007492-0001	SHELL USED - ADDITIVE PUMP ASSY
SHELL WU015107-0001	SHELL USED - KEYPAD PUSH CAP VGA
SHELL WU000805-0005	SHELL USED - PTS BUTTON
DEC WO203F	DECAL SHELL: VPD/DSL/87/89/91 GRADE (FR)
SHELL WU016373-0002	SHELL USED - TAP READER CONTACTLESS
SHELL 891185-001	SHELL USED - BARCODE SCANNER
VRT 794390-409-SHELL	VRT - SHELL - INTERSTITIAL SNAKE SENS
W2894440-105-001	WAY - SPM KEYPAD - CENTEX MON CEN (SHA2)
AB 400-DP30ND2	ALLEN BRADLEY - RELAY(for STP relay box)
FC15-SWM12	OPW - 1.5in x 12in FLEX PIPE (M/M SWIVEL
WR000353-0013	WAY - NOZZLE BOOT AUTO ON W/FLIPPER
61T-7268	OPW - 4in x 12ft ALUMINUM DROP TUBE
SBC-2200	OPW - 2in MALE SWIVELD BOLT ON COUPLI
M09259A004	GIL - (700) SPEAKER ASSEMBLY
SHELL W2893222-003	SHELL USED - PTS PANEL
SHELL 887898-001-0W7	SHELL USED - PRINTER DOOR (WHITE)
M17289B001	GIL - QUICK RELEASE PRINTER PIN
PKL WU011879-0001-R	PARKLAND STOCK: WAY - JADE BOARD
M14331B001	GIL - FP4 - UX400 TO UX300 COAXIAL CABLE
ENS1401G378	GIL - (E700) PIONEER CROWN GRAPHIC
ENE0201G048	GIL - (E700) PIONEER WHT MAIN DISPLAY $
FC15-SWM15	OPW - 1.5in x 15in FLEX PIPE (M/M SWIVEL
W2894474-001-005	WAY - SPM2.5 KEYPAD - ESSO MONERIS CENTR
SHELL 888282-001-0W7	SHELL USED - OVA 1 -  FRIDGE DOOR (WHT)
HOS 075-13-ARC	HOSE - 3/4in x 13ft (ARCTIC)
WP001402-0001	WAY - SOLENOID VALVE ASSY UHC 24V
010-048036	WAY - DEF METER
0333564-001	VRT - TLS 450 - 10AMP CONTROL MODULE
GRE PDI E3000	BG FUELS - PDI E3000 ROUTER
M03695B007	GIL - E700 - CABLE USB 90DEG TO MINI USB
BUL NIC	BUL - SECOND NETWORK CARD (DELL PC)
FMP-DDS-UD	INC - DISCRIMI SUMP SENSOR W/ SIMPL APP
FMP-DTS-U	INC - DISCRIM TURBINE SUMP SENS UNI
M00549A001	GIL  - CABLE PUMP CONTROL NODE TO VALVE
WU009718-0001	WAY - BRACKET FOR SOUTHCO PRINTER LOCK
WU003869-0001	WAY - BRACKET FOR NOZZLE BOOT (WU003091)
CANT M13940K001	CANT USED: GIL CARD READER
CIM 30204	FILTER ELEMENT - VIKING 3MIC E-1300MG-03
SHELL W2894440-105-004	SHELL USED - SPM KEYPAD SHA2 (SHELL INJ)
888312-001	WAY - OVA - OUTLET TUBE
M03695B003	GIL - CABLE USB TO MINI USB - 5ft
DEC RVI-VALANCE	DECAL SHELL: VALANCE NUMBERS (RED & YEL)
KIL GRSS-1	KILLARK - 1/2in JBOX - EXPLOSION PROO
M17284B001	GIL - SPINDLE 6in PAPER ROLL
M13888A405FA	GIL - FP4 - E700 KEYPAD UPM/ SUNCOR FR
WU027287-0002	WAY - FUSION V3
HOS CR-075-8 YEL	HOSE CRIMPED - 3/4in x 8ft (YELLOW)
FC15-SWM14	OPW - 1.5in x 14in FLEX PIPE (M/M SWIVEL
101BG-2105	OPW - 5 GAL BELOW GRADE SPILL (SLIP ON)
BIOCIDE	FQS 1.5 MICROBIOCIDE ANTIMICROBIAL
HOS CR-075-8-6 YEL	HOSE CRIMPED - 3/4in x 8ft 6in (YELLOW)
048-039310-R	WAY - 2PM-6K METER
HOS CR-075-15 YEL	HOSE CRIMPED - 3/4in x 15ft (YELLOW)
400174930	FEP - SPRING STP CHECK VALVE
HOS CR-058-5	HOSE CRIMPED - 5/8in x 5ft
WU015598-0001	WAY - GLASS ASSY - 5.7 PCAP QVGA - BLACK
W2894474-001-004	WAY - SPM2.5 KEYPAD - SHELL MONERIS CENT
W2894474-001-003	WAY - SPM2.5 KEYPAD - GEN MONERIS WEST
402202902	FEP - EXTRACTABLE STP HEAD - IST2 EXT
HOS CR-058-6	HOSE CRIMPED - 5/8in x 6ft
WU016104-0001	WAY - HELIX - PTS PRODUCT SELECT SWITCH
ENE0611G170	GIL - E700 - ADA MEMBRANE DECAL - CALL
CREE CPY-250	CREE - CPY-250 CANOPY FIXTURE
M10473A001	GIL - DEF NOZZLE BOOT
M14083A001	GIL - 10.4in DISPLAY ASSY - ECIM
HOS 100-50	HOSE - 1in x 50ft
MPK-10	OPW - SHEAR VALVE MOUNTING KIT
T92P7A22-240	PB - 30amp 240v SOLID STATE RELAY
M18694A001	GIL - (E700) GRADE SELECT BUTTON ASSY
M16110B001	GIL - 2D SCANNER - IMAGER
11BP-4009NC-XC-E25	OPW - XC NOZZLE 3/4in GAS (CLIP) E25
68EZR-75RF	OPW - BREAKAWAY 3/4in RECONNECT (E25/B20
ENE0706G027	GIL - (E700) PIONEER FLEXPAY IV TRIND
ENE0606G040	GIL - (E700) PION BLACK FLEXPAY IV CARD
PKL M06194K001R	PARKLAND STOCK: GIL 3 PRODUCT PPU DISPLA
PKL M06194K002R	PARKLAND STOCK: GIL 5 PRODUCT PPU DISPLA
PKL M05835A004R	PARKLAND STOCK: GIL DOOR NODE 4
PKL M12803A00XR	PARKLAND STOCK: GIL DOOR NODE 5
PKL M12893A00XR	PARKLAND STOCK: GIL SINGLE PPU SANDPIPER
PKL M07991A001005	PARKLAND STOCK: GIL WHITE PRINTER DOOR
VRT 859080-002-SHELL	VRT - SHELL - SMART DPLLD (TLS-450)
LED ELG-200-C1050A	LED DRIVER - 200WATT 120V
SHELL SP0557	SHELL STOCK - INVENCO SCREEN PROTECTOR
EVO-CM/R	INC - (EVO 550) CONTROL MOD - SW OPTION
68EZR-10RF	OPW - BREAKAWAY 1in RECONNECT (E25/B20)
14C-0900NC	OPW - 14C NOZZLE 3/4in DSL-NON DRIP YELL
14HC-0900-XC	OPW - 14HIFLO XC NOZ 1in DSL-NO DRIP YEL
WU005575-0001	WAY - REMOTE INLET IMETER SERVICE KIT
CIM 50028	FILTER HOUSING - 1-1/4in DUAL ALUMINUM
BUL USB-AA1-10BK	BUL - USB CABLE FOR LILLIPUT TOUCH
D01791M	OPW - 2PC COVER (11B) YELLOW-WARNING
D01532M	OPW - 2PC COVER (11B) BLACK-WARNING
D01789M	OPW - 2PC COVER (11B) RED-WARNING
D01529M	OPW - 2PC COVER (11B) GREEN-WARNING
WP001134-0003	WAY - DEF SOLENOID VALVE
GRE M02652A012R	BG FUELS - GIL (300) SINGLE PPU DISPLAY
GRE M04219A001	BG FUELS - GIL USB PRINTER - NO CHUTE
GRE M01585A001	BG FUELS - GIL (300/500) PPU CABLE
GRE M13940K004	BG FUELS - GIL (EMV) SANKYO CARD READER
W2894440-105-012	WAY - SPM KEYPAD - GENERIC GLOBAL (SHA2)
D01790M	OPW - 2PC COVER (11B) BLUE-WARNING
WM029220-0003	WAY - IMETER2 - CHECK VALVE (MINNESOTA)
GRE M01515A001	BG FUELS - GIL (300) MAIN DISPLAY
GRE M07895A001	BG FUELS - GIL (EMV) HIP COMM BOARD
GRE M01546A001R	BG FUELS - GIL (300) HYDRAULIC INTERFACE
GRE M01922A007	BG FUELS - GIL (ENC) PUMP CONTROL NODE
GRE M02044A003	BG FUELS - GIL (E500) VALVE DRIVER BOARD
GRE M07793A004	BG FUELS - GIL (E500) SPOT INTERFACE BRD
GRE M01598A001R	BG FUELS - GIL (300) PUMP CONTROLLER BRD
GRE M02335A001	BG FUELS - GIL (300) VALVE DRIVER BOARD
GRE T20569-G2R	BG FUELS - GIL (300) ATC BRD - OPTIMIZE
LED PF3120W	LED - STRIP 3 LED  735077 PF3120W
329263-002	VRT - INTERCONNECT BOARD
329338-001	VRT - TLS-350 TRANSFORMER
CMS 891185-001	CMS - BARCODE SCANNER
CMS WU005427-0001	CMS - QUAD CHANNEL LED DRIVER BOARD
CMS WU015107-0001	CMS - KEYPAD PUSH CAP VGA (10.4)
CMS W2893895-002	CMS - SECURED CARD READER (PCI 5)
CMS WU016373-0002	CMS - CARD READER/ CONTACTLESS C150S-NP
CMS WU002840	CMS - PAY@PUMP DISPLAY 10.4in MON
CMS WU011879-0001-R	CMS - IX JADE BOARD (GENERIC)
CMS WU015602-0002	CMS - GLASS ASSY - PCAP VGA WHITE
CMS W2894474-001-004	CMS - SPM2.5 KEYPAD - SHELL MONERIS CENT
CMS OV2-FRIDGEDOOR-WHITE	CMS - FRIDGE DOOR - OV2 WHITE
EVO-CM	INC - (EVO 550) CONTROLLER MODULE
BEL LOCK 1175LHSS	MASTER LOCK - 2-1/4in COMBINATION
BEL LOCK 1177D	MASTER LOCK - 2-1/4in PROTECTED COMBINAT
BEL SIGN NO-SMOKING	SIGN - ALUMINUM NO SMOKING
WM022810	WAY - XFLO - STRAINER
CMS W2894440-105-004	CMS - SPM KEYPAD - SHELL MON CEN (SHA2)
CMS WU012783-0001-R	CMS - OVA 2 - DW-14 PRT (NO SENS-CABLE)
H11931M	OPW - DROP TUBE SEAL GASKET
BEL SIGN NO-SMOKING-FR	SIGN - ALUMINUM NO SMOKING (FRENCH)
DEC SYNPTS93	SYNERGY PTS BUTTON 93
DEC SYNPTS94	SYNERGY PTS BUTTON 94
DEC SYNPTSDIESEL	SYNERGY PTS BUTTON DIESEL
000-039657-	WAY - WIRE WHEEL HOSE RETRACTOR
001-126624	WAY - RETRACT CABLE - GLOBAL CENTURY
RDR 9051-C	RDR - DEF HOSE 3/4in x 20ft SS (NPTxBSPP
WM038596-0001	WAY - O-RING PISTON END CAP FS
ENE0615G168	GIL - (E700) MACEWEN ADA KEYPAD-BLACK
LED 733885	LED DRIVER - HANLEY 180WATT 12V 3x60 WAT
81410101	EBW - 14in MONITOR WELL GASKET
BUL EPC-232RWH	BUL - 6ft DB25F TO DB9M NOVYC CABLE
DEC AA-11035-A	DECAL - WAYFINDING (DIE EFF)
DEC 888460-001-487	DECAL ESSO: 87 PTS
DEC 888460-001-488	DECAL ESSO: 89 PTS
DEC 888460-001-489	DECAL ESSO: 91 PTS (LIGHT BLUE)
DEC 888460-001-490	DECAL ESSO: 91 PTS (RED)
DEC 888460-001-491	DECAL ESSO: 93 PTS
DEC 888460-001-494R	DECAL ESSO: 94 PTS
DEC 888460-001-DYD	DECAL ESSO: DYED DIESEL PTS
DEC 888460-001-492	DECAL ESSO: DIESEL PTS
DEC 888460-001-608	DECAL ESSO: DIESEL EFFICIENT PTS
DEC WU010213-0284	DECAL ESSO: PTS PANEL (DSL/87/89/91)
DEC WU010213-0501	DECAL ESSO: PTS PANEL (DSL EFF/87/89/91)
DEC WU010213-0628	DECAL ESSO: PTS PANEL (93/87/89/91)
DEC WU010212-0204	DECAL ESSO: PTS PANEL (87/89/91)
DEC WU010214-0008	DECAL ESSO: PTS PANEL (87/89/91B/93)
DEC WU010215-0040	DECAL ESSO: PTS PANEL (DSL/87/89/91B/93)
DEC WU010215-0090	DECAL ESSO: PTS PANEL(DSL-E/87/89/91B/93
DEC WU010215-0125	DECAL ESSO: PTS PANEL (91B/87/89/91B/93)
DEC WU010210-0145	DECAL ESSO: PTS PANEL (DSL) - WAY
DEC WU010210-0358	DECAL ESSO: PTS PANEL (DSL EFF)
DEC WU010210-0149	DECAL ESSO: PTS PANEL (REG 87)
GRE PA02410010	BG FUELS - GIL - PAM 1000
GRE PA02610000022	BG FUELS - GIL - D BOX (DISTRIBUTION)
GRE M11697B001	BG FUELS -GIL CONTACTLESS CARD READ (GCM
GRE M12893A00X	BG FUELS - SINGLE PPU DISPLAY SANDPIPER
GRE M06194K002R	BG FUELS - 5 PRODUCT PPU DISPLAY BOARD
GRE M05835A004R	BG FUELS - DOOR NODE 4 DISPLAY
GRE M12803A00XR	BG FUELS - DOOR NODE 5 DISPLAY
GRE PA03820000	BG FUELS - GIL - PAM 5000
GRE CL050A-R3	BG FUELS - BLACK BOX (CURRENT LOOP CONV)
891173-005	WAY - ORING
SHELL WM040824-0007	SHELL USED - OV2 - SINGLE PPU DISPLAY
SHELL WM041368-0002	SHELL USED - MAIN DISPLAY SALES/VOLUME
SHELL WU007425-0001	SHELL USED - STEPPER MOTOR CONTR BOX
WU017568-0001	WAY - CARD READER/P95W - HYBRID
WU026855-0001	WAY - BOARD CONTROLLER TOUCH PCI
WU014434-0001-R	WAY - DISPLAY 12.1 WXGA LCD NLT
WU024475-0001	WAY - MODULE ANTHEM SCANNER AX12
PKL M04219A001R	PARKLAND STOCK: GIL PRINTER
W2894467-201-001	WAY - SPM2.5 KEYPAD - AX GENERIC MONERIS
WU023682-0001	WAY - CPU BOARD GEN5 WIN 10 ANTX
WU021907-0001	WAY - WIRED CONNECT - ACCESS 16-POINT
SHELL W2894474-001-004	SHELL USED - SPM2.5 KEYPAD - SHELL MON C
SHELL WU005427-0001	SHELL USED - QUAD CHANNEL LED DRIVER BRD
SHELL WU015602-0002	SHELL USED - GLASS ASSY - VGA WHITE
SHELL WU019854-0001	SHELL USED - WIRELESS MOD/ IN STORE
SHELL WU019855-0001	SHELL USED - WIRELESS MOD/IN DISP. W/CA
WU023720-0001	WAY - CARD READER P95W - US AX EMV PROD
WU024684-0002	WAY - CONTACTLESS CARD READER C150-SHORT
PMP 80184	PMP - 2 STAGE VALVE REBUILT KIT (FUEL)
PMP 22085	PMP - GIL 2 STAGE HI FLOW VALVE
SHELL 887334-002	SHELL USED - POWER SUPPLY 24V
HOS CR-075-17	HOSE CRIMPED - 3/4in x 17ft
013078	GIL - GASBOY - OPTICAL ENCODER
25-0110	OPW - SWIVEL - 1-1/4in ALUM STRAIGHT
30430103	EBW - VAPOUR CAP - 4in ALUM ORANGE
49540001	EBW - 1.5in AIRCRAFT NOZZLE
66224201	EBW - 1.5in SHEAR VALVE TOP - FEM POP
70542301	EBW - 12in COVER BLACK
77830101	EBW - 4in BRASS COLLAR W/ LUGS
80020301	EBW - 3in VENT CAP - ALUMINUM
400333007	FEP - O-RING - RELIEF SCREW BOTTOM
400333012	FEP - O-RING - RELIEF SCREW TOP
400660901	FEP - INTAKE FILTER SCREEN
662500902	EBW - SHEAR VALVE 1.5in SINGLE POP
0330020-604	VRT - TLS450 - SOFTWARE UPGRADE
0330020-794	VRT - TLS450 - COMPATIBLE THUMB DRIVE
0848722-100	VRT - C DIM KIT - TS1000
10BUP5926	OPW - 1-1/2in SHEAR VALVE - UNION TOP
61SALP1020EVR	OPW - 4in FILL W/ BRONZE SWIVEL ADAP
888272-001	WAY - ADAPTOR NPT TO DOUBLE BUMP
AIR 6034	AIR HOSE - WHIP END W/ RIDG CHUCK
AIR N240	AIR - AIR CHUCK
AL 002R9502	AIRLIFT REBUILD KIT
APT MSXP175200	APT - XP MALE SWIVEL 2BLT - 1.75B - 2.0N
APT SBK25	APT - STABILIZER BAR KIT
BAY SWMF125	BAYCO - SWIVEL - 1-1/4M x 1-1/4F
BMA2020	OPW - 2in NPT BARBED MALE ADAPTER
BUL 17GENP	BUL - 17in TOUCH SCREEN MONITOR GENP4750
BUL MMFVL	BUL - CASH DRAWER (SLIM - 4 SLOTS)
CAB L2700-4.5	4.5mm RETRACTOR CORD (10ft LENGTH)
CAT 43367	CATLOW - PLUNGER F/310 PUMP
CAT 7672	CATLOW - UNLOADER - BLUE SPRING
CIM 31011	FILTER CARTRIDGE - DEF
CIM 50163	FILTER HOUSING - 1in SINGLE - 800 SERIES
CIM 70024	FILTER CIMTEK - 1in HYDROGLASS - 10M
CIM 70080	FILTER CIMTEK - 1in WIRE MESH - 144M
CIM 70106	FILTER CIMTEK - 1in MULTIFUEL - 30M
CNI 8102	CNI - HOSE CLAMP - 5/8in
CNI 8104	CNI - HOSE CLAMP - 1in
DEC PCAN-PTS-SET	DECAL PETROCAN - PTS DECAL SET
DIX L02BU	VICT CLAMP 2in LGT WT W/GRVLK VUNA GSKT
DSTICK-16FOLD	DIPSTICK - 16FT FOLDABLE (2sec)
EN07011G003	GIL - OVERLAY E300/500 GCM PETRO CANADA
ENE0402G008	GIL - DECAL CHEVRON 10.4 SOFTKEY LEFT GR
ENE0502G008	GIL - DECAL CHEVRON 10.4 SOFTKEY RIGHT G
ENE0602G007	GIL - TRIND BLANK DECAL - CAN TIRE
ENE0702G002	GIL - TRIND BLANK - CAN TIRE
ENS1201G002	GIL - DECAL ENC S UPPER LFT-RT WHITE BLA
EU02008G273	GIL - DECAL 4+1 OCTANE OVERLAY SET SUNCO
EU02008G308	GIL - OCTANE OVERLAY KIT SUPER SAVE GAS
FIL FR710VN	FILL-RITE - 20GPM TRANSFER PUMP 115V
FL7A	OPW - LIFTING HANDLE FOR FIBRELITE MANHO
GOR 14146	GOR - GASKET PUMP CASE 16in 12 BOLT
GOR 2958GB	GOR - MOTOR HOUSING GASKET
H04788M	OPW - SHEAR VALVE LINK
HOS DEF-075-20	HOSE - DEF - 3/4in x 20ft
HOS N9037-12-12	HOSE END - DEF - 3/4in MNPT x 12 FBSPP F
HUS 0087	HUSKY - 1in SWIVEL
HUS 0350	HUSKY - 3/4in SWIVEL
HUS 1471	HUSKY - 1+10 LEAD SPOUT ASSY
HUS 1473	HUSKY - NOZZLE - UNLEADED W/O FLO-STOP
HUS 2273	HUSKY - 3/4in BREAKAWAY
HUS 2276	HUSKY - 1in BREAKAWAY RECONNECTABLE
HUS 3096-04	HUSKY - SCUFF GUARD (HUS 2273)
HUS 3360	HUSKY - 3/4in BREAKAWAY RECONNECTABLE
HUS 4490	HUSKY - FLOW REGUALTOR
HUS 4740-02	HUSKY - 1in HANDWARMER - RED
HUS 4740-04	HUSKY - 1in HANDWARMER - BLACK
HUS 4740-05	HUSKY - 1in HANDWARMER - YELLOW
HUS 5812	HUSKY - 1in BREAKAWAY
HUS 65191004	HUSKY - 1in NOZZLE W/CLIP COLD BLACK
HUS 65191005	HUSKY - 1in NOZZLE W/CLIP COLD YELLOW
HUS CXSGAS00WCP	HUSKY - 3/4in NOZZLE W/CLIP BLACK
HUS CXSLDD00WCP	HUSKY - 3/4in NOZZLE LEADED W/CLIP BARE
ICN IACFASTFUSE	ICON - FASTFUSE BONDING SOLVENT 4oz CAN
ICN IACHKNIFE	ICON - HEAVY DUTY HOOK BLADE KNIFE
ICN IACIBOND50A	ICON - IBOND 50ML AMBER
ICN IACSIKA10B	ICON - SIKAFLEX 1A 10oz TUBE BLACK
ICN IRFBLM2.5	ICON - SPLIT REPAIR (BLUELINE) 2.5in
ICN IRFBLM2.5OS	ICON - SPLIT REPAIR (BLUELINE) 2.5in OFF
ICN IRFBLS1.4	ICON - SPLIT REPAIR (BLUELINE) 1in-1.4in
ICN RFMF20UV	ICON - ENTRY BOOT 1.5in BLK STEEL PIPE
INCTSPKV4	EBW - INTERSTITIAL CAP
ITE KUHP11A51120	RELAY - 8 POINT - C5-A20X
K35211	GIL - GASKET SEAL KIT FOR PUS PUMPS
K93713-01	GIL - KIT RECEIPT CUTTER/CHUTE
K93734-01S	GIL - (ADV) SOFTWARE 99 SELECT BLEND
K93848-601	GIL - (ADV) SOFTWARE 99 SELECT BLD 25
K93848-701S	GIL - (E300) SOFTWARE V 15.2.20
K94160-01	GIL - (ADV) KIT ATC SOFTWARE
K94444-06	GIL - KIT LISK DIGITAL VALVE REBUILD
KRA 000	KRAUS - RESET SPRING
KRA 234AY05	KRAUS - MICROSWITCH ASSY MICON HEAD
KRA 36930	KRAUS - SOFTWARE CHIP - v1.53 AGE
KRA BC256B	KRAUS - DECAL - VOLUME CORRECTED TO 15 D
KRA SK34902	KRAUS - CABLE MAIN BOARD TO PULSER
KRA SK460A4	KRAUS - DISPLAY ADAPTER
KRA SK461A2	KRAUS - PCB ASSY FOR TTC200 ATC KIT
M00719A001	GIL - CABLE SERIAL PROGRAMMING
M01621A001	GIL - (E300) PCA TOTALIZER
M04920K117	GIL - REBUILD KIT
M05170A001	GIL - PCA 13.5MHZ ANTENNA
M05819K001	GIL - KIT ATC FIELD COMM
M07044B002	GIL - PRINTER ROLLER PIN
M07366A001	GIL - PCA FRONT LOAD SAT REL
M07884B002	GIL - PRINTER PAPER PIN
M07974A001	GIL - CABLE DC POWER SIP EMV
M12760A001	GIL - PCA HUB INTERFACE HIP2
M13674B001	GIL - MOUNTING BRACKET TCR SWITCH
M14273A001	GIL - (E700) HORIZ CARD READER BRACKET
M15922K005	GIL - SCREEN PROTECTOR KIT
M19045A001	GIL - PIP DISPLAY
M19359K001	GIL - METER CHECK VALVE KIT (2)
MOR 1781600AC	MORRISON - 4in FILL CAP BRASS BODY AND C
MOR 1842500MB	MORRISON - 184-2500 MB DOUBLE TAPPED BUS
MOR 331S0100AV	MORRISON - 1.5in UNION CHK VLV/SC
MOR 7490100AV	MORRISON - PRESSURE VENT CAPS - 2in 8on
MS-XP-150-150	FEP - 1.5in APT CLAMSHELL SWIVEL
MS-XP-200-200	FEP - 2in APT CLAMSHELL SWIVEL
N08028	GIL - METER CAPS
N22545-07	GIL - SOLENOID VALVE REBUILD KIT
NEP 083280052	NEPTUNE - 1.5in GEAR TRAIN (25.4184 RED)
NEP 100025002	NEPTUNE - U-CUP METER SHAFTSEAL BUNA
NEP SEALKIT	NEPTUNE - ACTARIS SEAL KIT
PA0013179	GIL - AIR ELIMINATOR ASSY SUMP SHORT
PA0435200032	GIL - BRCM ASSM 2.64 UNI 16-CHAN
PDQ TIRE-TUBE	PDQ - TIRE TUBE 4PLY - 4000 MODEL
PIC SMART-BOX	PICON - SMART BOX
PTV 2003064	PTV - 343 POWER SUPPLY ADAPT BRD
PTV 503203	PTV - C/OPT PRINTER MOUNT BLOCK ADAPT
PTV 753012	PTV - PDI SINGLE TRACK REVERSE READER
PWS 03150029	INJECTOR  DUAL  .083
PWS 03150034	INJECTOR .057
PWS 03240017	SWIVEL - 90 DEGREE 1in HP  F  LASER 360
PWS 04070025	PROX  18MM 12-24VDC ANALOG  UNSLD
PWS 04080075	ETHERNET CABLE
PWS 04080093	CORD SET 12MM 3-20 AWG 90 .6 M
PWS 04580020	CIRCUIT B ULTRASONIC
PWS 04580021	CIRCUIT BOARD  COMMON SMART SIGN
PWS 04580027	CURCUIT B LED CHEVRON GREEN
PWS 06020048	CAR WASH BELT
PWS 06020055	BELT  TROLLEY DRIVE
PWS 11010023	VT CONTROL
PWS 1in BRONZE 90 DEG ELBOW	PWS 1in BRONZE 90 DEG ELBOW
PWS 3150034	0.057 INJECTOR
PWS 43911	BOOM HOSE
PWS 63188	HP UNLOADER VALVE
PWS 63273	3/4in FLOAT VALVE
PWS 63274	1in FLOAT VALVE
PWS 63415	METERING TIP KIT
PWS 640824M	NOZZLE - 1/4in
PWS 66500	SWIVEL - 1in STRAIGHT
PWS 93021	PROX 18MM SHLD LONG
PWS 93026	PROXIMITY SWITCH 30MM
PWS 93122	POWER SUPPLY
PWS 93176	SET PHOTO EYE TRANS/RECEIVER
PWS CAT30623	SEAL KIT F/310 PUMP
PWS CAT30821	VALVE KIT CAT 310/340 PUMP
PWS CAT7672	UNLOADER BLUE SPRING
PWS DUAA7080	SWIVEL - 3/8 HP
PWS DUBC291G18	FLEX WANDS
PWS DUBC5BH	FOAM BRUSH HANDLE
PWS DUSS1/8MEG1504	NOZZLE-15
PWS DUSS1/8MEG2506	NOZZLE-25
PWS DWYV6EPBBS60	FLOW SWITCH
PWS ER212500	HOGS HAIR BRUSH
PWS JE2056	VACUUM NOZZLE CLAW 2in
PWS JE2091	VACUUM SWIVEL CUFF 2in
PWS JE5030NPW	WEEP GUN
PWS KIT007	O RING
PWS KLCBK238	ROTARY KNOB YELLOW 238
PWS KLIN250020	FOOT VALVE  BLUE  VITON
PWS KLIN250100	FOOT VALVE  GREY  EPDM
PWS KLNPGSBL	NOZZLE PROTECTOR
PWS KLSKNM04	KIP SOLENOID 1/4in NON METER 24V
PWS KL-SKNM04	SOLENOID KIP - 1/4in
PWS KLSOD443P24	DEMA  3/8in SOLENOID  24 VAC
PWS KLSOM1000	DUAL SOLENOID 25V
PWS M690001	SHEAR BOLT
PWS MAGCMX55	ROTARY SWITCH 10 POSITION
PWS MAGCMX8	ROTARY SWITCH  8 POSITION
Q11433-105	GIL - TRANSIENT SUPPRESSOR
Q12674-01	GIL - BATTERY LITHIUM NON-CHARGE 3.2
Q13850-06	GIL - CABLE WORK AREA
R14914-02	GIL - NOZZLE HOOK
R19000-03	GIL - CABLE ADAPT RS323 POS TO PAM 2ft
R19097-01	GIL - SET SCUFF GUARD T16602
R19272-G1	GIL - ASSY NOZZLE CRADLE
RDR 1236	RDR - MAIN DECAL  DIE CUT
RDR 1240	RDR - PUMP OPERATION DECAL
RDR 1245	RDR - ON OFF DECALS
RDR 3015	RDR - HARNESS ERROR DETECT (MICON 500)
RDR 4009	RDR - FILTER HOUSING SHELCO RHS-788-EPR
RDR 5065	RDR - HANDLE STOP
RDR 5100	RDR - PUMP INJECTOR 120GPD 100psi
RDR 5101	RDR - KOPKIT REPAIR FOR DYE INJECTOR PUM
RDR 7341	RDR - KEY ONLY FOR SCREW TYPE LOCK
RDR 8119	RDR - B690 UTILITY SPRING
RDR 8317KIT	RDR - OPTNZLBT REED SWITCH ASSY
RDR 9057	RDR - 3/4in STAINLESS SWIVEL HOSE REEL
RDR 9067	RDR - SEAL EPDM SEAL KIT FOR SWIVEL
RDR 9081	RDR - 3/4in x 19in INLET HOSE DEF REEL
RDR 9100KIT	RDR - RELAY 120V FOR KRAUS HEAD 3HP
RDR DEFSPRING-K	RDR - DEF DOOR SPRING KIT
RDR KRBC103	RDR - DETENT KIT / D10 KNUCKLE & SPRING
RDR S214	RDR - RELAY AUTOMOTIVE KRAUS HEAD 3hp
RJK 072-108-1	RJK - O-RING PACKER ASSY
RNG VRT STICK	THE STICK - MULTIPORT PHONE/FAX/MODEM SW
RYK 10601014	RYKO - GEAR BOX REDUCER
RYK 10660211	RYKO - 1HP MOTOR - 50/60hz TENV
RYK 14685000	RYKO - DATA CABLE 9PR 24GA STRD SH
RYK 16367003	RYKO - BOARD ASSY - CMD C320 CPU
RYK 24159019	RYKO - CONTROLLER/MOTOR SPD - 240
SGP0200	OPW - 2in QUAD RING
SGP150	OPW - GASKET
T15849-G2R	GIL - HYDRAULIC INTERFACE BOARD
T17448-G1	GIL - VARISTOR
T17461-G2R	GIL - VALVE DRIVER BOARD
T17622-G5	GIL - (ADV) PPU LIGHT REFLECTOR (2 LAMP)
T17622-G6	GIL - (ADV) PPU LIGHT REFLECTOR (5 LAMP)
T17622-G8	GIL - (ADV) PPU LIGHT REFLECTOR (0.5in)
T17622-G9	GIL - (ADV) PPU LIGHT REFLECTOR (3 LAMP)
T18400-10	GIL - (ADV) NOZZLE CRADLE SHORT
T18767-28014	GIL - REBUILT METER LC M5-1
T19596-01	GIL - (ADV) PTS BUTTON
T20005-G2R	GIL - PUMP CONTROLLER
T20275-G1	GIL - PCA OPTIMUM GRADE SELECT
T20284-G1R	GIL - VALVE DRIVER BRD RELAY OPTIMUM
T20287-G1R	GIL - OPTIMUM ATC BRD
TOK 103808-3	TOK - METER BODY GASKET
TSSP-BMKT	INC - FLOAT STOPPER
UNI 418TM40	UNIVERSAL - CAP TANK MONITORING
VRT STICK	THE STICK - MULTIPORT PHONE LINE SWITCH
W&M - MCC DATE DECAL	W&M - MCC DATE DECAL
W02501G4	GIL - ASSY CABLE SEL BLD GRADE SEL
WU007563-001	WAY - DISPLAY BRD - UNIT PRICE CONTROL
PWS 03150035	INJECTOR .083
PWS KLFP7040	FLOJET PUMP - SANTO
78121212CI	EBW - 12in MANHOLE W/ CAST COVER
ENE0602G093	GIL - DECAL  GREY CHEVRON ECIM CARD READ
ENE0706G046	GIL - DECAL BLUE CHEVRON ENCS FLXPY COVE
M14221K901007	GIL - (500S) CIM DOOR - CHEVRON GREY
MOR 6350250MAE	MORRISON - 2.5in OFFSET ADAPTER
MOR 6350300MAE	MORRISON - 3in OFFSET ADAPTER
MOR 6350350MAE	MORRISON - 3.5in OFFSET ADAPTER
NEP 82475000	NEPTUNE - CAP FOR STRAINER TYP4 W/RELEAS
NEP 100139010	NEPTUNE - SEAL O-RING 1/8 X 2.5 BUNA
330020-527	VRT - REPLACEMENT BATTERY PACK
KRA DETENTE	KRAUS - DETENTE ASSY - MICON (KRA EBC103
ENE0601G081	GIL - OVERLAY SOFTKEY
FC10-SWM18	OPW - 1in x 18in FLEX PIPE (M/M SWIVEL
SHELL EO0053	SHELL USED - INVENCO PRINTER
SHELL EO0054	SHELL USED - INVENCO POWER SUPPLY
SHELL IA0039	SHELL USED - INVENCO LINK/16C STORE
SHELL IA0040	SHELL USED - INVENCO LINK/ 2WIRE DISPEN
SHELL IP0127	SHELL USED - INVENCO APC MODULE
SHELL IP0156	SHELL USED - INVENCO 15in SCREEN/ G7
SHELL IP0160	SHELL USED - INVENCO TAP READER
SHELL IP0167	SHELL USED - INVENCO UPC CARD/KEYPAD
CMS EO0053	CMS - INVENCO PRINTER
CMS EO0054	CMS - INVENCO POWER SUPPLY
CMS IA0039	CMS - INVENCO LINK/16C STORE
CMS IA0040	CMS - INVENCO LINK/ 2WIRE DISPENSER
CMS IP0127	CMS - INVENCO APC MODULE
CMS IP0156	CMS - INVENCO 15in SCREEN/ G7
CMS IP0160	CMS - INVENCO TAP READER
CMS IP0167	CMS - INVENCO UPC CARD/KEYPAD
BUL NULL-MODEM CABLE	BUL - DB25-DB25 MALE TO FEM CABLE
MACE M08001K107R	MACEWEN STOCK: IOL SPOT DISPLAY
M06745A010	GIL - (E700) PRINTER HARNESS ASSY/CABLE
M14080A002	GIL - CAT5 CABLE - 6ft
INV EK0157	INVENCO - PRINTER CABLE USB
INV EK0117	INVENCO - PRINTER POWER CABLE - LOW VOLT
PWS KTR-CSS-M-KT-EN	KEY PAD KIT
80840001	EBW - 8in MONITORING WELL MANHOLE
DEC ENS0802G362	DECAL ESSO: PTS PANEL (DSL) - GIL
DEC WO2R22-C1-PTS-E1	DECAL SHELL: DSL/VPD - OV2 (FR)
CRS GUAX26	JBOX - 3/4in EXPLOSION PROOF
CRS GUAX36	JBOX - 1in EXPLOSION PROOF
RDR 9066	RDR - HOSE ROLLER ASSY
BUL LANE3600	BUL - PIN PAD LANE/3600 PCI 6
BUL LANE3600CABLE4M	BUL - LANE/3600 ETHERNET CABLE
BUL LANE3600STAND	BUL - LANE/3600 STAND
M14482A912007	GIL - CIM DOOR 10.4in W/ADA-CHEVRON GREY
DEC E6S0802G142	DECAL ESSO: PTS PANEL (DIESEL EFFICIENT)
ENE0602G109	GIL - CARD READER DECAL - SYNERGY GREY
SHELL 003-918509-	SHELL USED - RED E-STOP BUTTON
PKL M08072A001	PARKLAND STOCK: GIL SPEAKER
PKL M07555A004R	PARKLAND STOCK: GIL POWER SUPPLY
M14482A912032	GIL - CIM DOOR 10.4in W/ADA-GLOSS WHITE
T&B STX050-464	STAR TECK CON - 1/2in  - EXPLOSION PROOF
T&B STX075-465	STAR TECK CON - 3/4in -EXPLOSION PROOF65
T&B STX075-466	STAR TECK CON - 3/4in -EXPLOSION PROOF66
T&B SC65	PUTTY SEALING COMPOUNT
PKL M08001K107R	PARKLAND STOCK: GIL IOL SPOT DISPLAY
T19976-V10S	GIL - (ENC) V-PLUS METER (NEW)
ENS1103G641	GIL - (E700) PIONEER WHT RIGHT NOZZLE BO
PKL M07956A002	PARKLAND STOCK: GIL CABLE - KEYPAD/SPOT
PKL M04528A001	PARKLAND STOCK: GIL CALL INTERFACE BOARD
PKL M02044A003	PARKLAND STOCK: GIL VALVE DRIVER BOARD
PKL M11697B001	PARKLAND STOCK: GIL GCM - CONTACTLESS
WU012698-0001	WAY - DISPLAY MODULE WVGA SECURE 7
WU012703-0002	WAY - CALL BUTTON RETROFIT ANTEHM
WU015753-0002	WAY - GLASS UPD ASSY - 1+3
PA04220000222	GIL - BRCM2
28S-0350	OPW - STEP UP BUSHING 3/4inM x 1inF
M16706B001	GIL - SCREW 12-24 ZINC-SILVER - PAN HEAD
M06756K001	GIL - (ENC) REPAIR KIT DOOR SKI BOOT
70547402BLK	EBW - 5 GAL BELOW GRADE SPILL CONTAINER
W2894444-211-003	WAY - KEYPAD SPM 2.5 - GENERIC/GLOBAL
WU024684-0001	WAY - CONTACTLESS CARD READER C150-LONG
WU020058-0001	WAY - SENSOR CAMERA USB 2 MEGA PIXEL
WU019984-0001	WAY - MODULE TR SCANNER
WU020250-0001	WAY - DISPLAY BOARD PROGRAMMED EPD
WU019993-0001-W007	WAY - ANTHEM BEZEL ASSY - WHITE
WU019993-0001-F080	WAY - ANTHEM BEZEL ASSY - GRAY
WU027165-0001	WAY - MODULE EDGE 100
M13987A008	GIL - PCA PIP3 (10.4in SVGA)
M14339A002	GIL - CABLE PIP3+ SIDE SELECT PLUG
M18802A001	GIL - (e700) SINGLE PPU DISPLAY
30-0232-D-20B	OPW - DUAL FLOAT BRINE SENSOR
7HB-5009NC-XC	OPW - HISPEED NOZZLE W/CLIP - NO RING
DSTICK-12	DIPSTICK - 12ft - 4PC FOLD - BKT FL4
VRT 794390-420-SHELL	VRT - SHELL - INTERSTITIAL STEEL TANK
HUS 7361	HUSKY - HANDLE COVER
HUS 8165-02	HUSKY - NOZZLE TALKER - RED
HUS 8165-04	HUSKY - NOZZLE TALKER - BLACK
CIM 70021	FILTER CIMTEK - 1in PARTICULATE - HI FLO
RJK 108-496-5	RJK - CONDUIT JBOX FOR STD STP
70847301	EBW - AUTO-LIMITER W/ INSTALL KIT - OPD
UNI 0611V-3040	UNIVERSAL - 4in VAPOUR CHECK VALVE ADAPT
CIM 50026	FILTER HOUSING - 1in NPT ALUMINUM SINGLE
011-305057	WAY - HOSE RETRACT MOD 1in 22O1
76020101	EBW - 4in NPSM BRASS PIPE CAP
80230301	FEP - 2in PRESSURE VACUUM VENT
80230406	FEP - 3in PRESSURE VACUUM VENT
0330030-832	VRT - EXTERNAL PRINTER - TLS4
0848190-002	VRT - DUAL CHANNEL IS CIRCUIT PROTECTOR
312020-905	VRT - KIT PULSER HI-SPEED 10P
FIL 700KTF2659	FILL-RITE - 700 SERIES REPAIR KIT
769780-012	VRT - PULSE TRANSMITTER 24V-DC
FIL 800KTG2540	FILL-RITE - 800C METER REPAIR KIT
887818-002-F32	WAY - QVGA DISPLAY PANEL (GRAY)
888975-001	WAY - HI-FLOW 2-STAGE VALVE PARKER
FIL 900KTF8120	FILL-RITE - 900 METER REPAIR KIT
CIM 70097	FILTER CIMTEK - 1in CELLULOSE - 10 MIC L
G067028	GIL - SOLENOID VALVE - 115V 2-STAGE
PA03380000	GIL - DBOX - WAYNE DUAL BOARD
RJK 313-038-5	RJK - YOKE REPAIR CONN - 3WIRE B/R/O
TSP-IGF2	INC - GAS FLOAT KIT (2in)
WU006297-0002	WAY - SWITCH 24-PORT 10/100 PROG
WU012606-0004	WAY - CONTACTLESS OV2 C150S-NP
WU003083-0002-R	WAY - RED BOARD (GENERIC)
009-048015-R	WAY - IMETER ASSY SIDE AB AG SEALS
WM028600-0004	WAY - FUEL METER PULSER DOME LOW DOUBLE
WM044758-0001	WAY - TWIN PROP VALVE IMETER
WU004203-0001	WAY - CONNECTION BOARD - HELIX
W2894103-002	WAY - HYBRID P95W CARD READER
888931-R02	WAY - QCAT BOARD
WU013661-0001	WAY - GASKET OV2 KEYPAD
WM001845-0001	WAY - DISPLAY 3-UNIT EURO GEM PUMP
W2894100-001	WAY - SVC KIT GLASS OV2 ECIM SVM7 BLACK
887118-R03	WAY - PCB ASSY GEM DISPLAY 3 PROD
WU015602-0001	WAY - GLASS ASSY - VGA BLACK
WU007300-0001	WAY - ETHERNET BOARD SWITCH 5-PORT
WM052376	WAY - MOD PERIPHERAL DEVICE PROG W/BAT
SHELL 012-047478-0W7	SHELL USED - OV2 VGA FRIDGE DOOR (WHT)
MACE LAN3000	MACEWEN STOCK: LAN3000 PINPAD
G042657	GIL - GASBOY - RESET ROLL PIN (G003354)
G003347	GIL - GASBOY - LEVER CNTL 8800
SHELL WU011269-0001	SHELL USED - SOFT KEY (5.7 BRACKET) MONO
WU011711-0001	WAY - FUSION BOARD GRIB 3/4-WIRE PROG
CMS WU015781-0001	CMS - CABLE ASSY; PUSH CAP QVGA
MACE WU027287-0001	MACEWEN STOCK: COMPLETE FUSION V3
MACE M13118K006	MACEWEN STOCK: (EMV) PCI2 KEYPAD 2.0
MACE WU011133-0001	MACEWEN STOCK: HOUSING/ DATA SAFETY BOX
GRE TS-LLD	BG FUELS - ELECTRONIC LEAK DETECTOR ELLD
GRE TS-CU	BG FUELS - LEAK SENSE CONTROL UNIT- ELEC
DEC WOR11-A1-PTS-E1	DECAL SHELL: DSL - OV1
DEC WOB23-F-PTSA-E1	DECAL SHELL: DSL/87/91/93 - ARROW- OV1
DEC WV595-B-PTS-E1	DECAL SHELL: 87/91/93/DSL GRADE - VISTA
DEC WV595-B-PD-E1	DECAL SHELL: 87/91/93/DSL WINDOW- VISTA
HOS DEF-075-25	HOSE - DEF - 3/4in x 25ft
HOS DEF-100-25	HOSE - DEF - 1in x 25ft
M02337A002	GIL - PULSER CONDUIT & CABLE - ULTRA HI
DEC HX-E2-PD-E1	DECAL SHELL: DSL/87 GRADE - HELIX
DEC HX-F-PD-E1	DECAL SHELL: DSL/87/91/93 GRADE - HELIX
DEC HX-A-PD-E1	DECAL SHELL: 87/91/93 GRADE - HELIX
DEC HX-U1-PD-E1	DECAL SHELL: 87/93 GRADE - HELIX
DEC HX-V1-PD-E1	DECAL SHELL: 87 GRADE - HELIX
002-921176-	WAY - GLOBAL - RETRIEVER HOSE MAST
6100-5000	OPW - COUNTERWEIGHT HOSE RETRACTOR
WU022715-0001	WAY - OVA A12 DISPLAY/TOUCH ANTX
DEF-PMA150A	FEP - DEF TURBINE MOTOR (1 Phase)
SHELL OV2 FRIDGE - QVGA	SHELL USED - OV2 QVGA FRIDGE DOOR (WHT)
SHELL OV2 FRIDGE - INVENCO	SHELL USED - INVENCO FRIDGE DOOR (WHT)
KIL ENY-2	KILLARK - 3/4in EYS - EXPLOSION PROOF
KIL ENY-3	KILLARK - 1in EYS - EXPLOSION PROOF
708690930	EBW - DEFENDER OVERFILL PREVENTION VALVE
D02095M	OPW - 27in POLYETHLENE COVER
892103-001	WAY - OVATION TOP CASTING (1 HOSE)
FMP-LL3-149	INC - TANK PROBE 12ft
FMP-LL3-131	INC - TANK PROBE 10ft 6in
846397-609	VRT - MAG PLUS 10ft ALT FLUID/DEF
889194-001	WAY - CABLE GUIDE - OVATION
FC20-SWM12	OPW - 2in x 12in FLEX PIPE (M/M SWIVEL)
FC20-SWM14	OPW - 2in x 14in FLEX PIPE (M/M SWIVEL)
FC20-SWM18	OPW - 2in x 18in FLEX PIPE (M/M SWIVEL)
D01532MN	OPW - 2PC COVER (11B) BLACK-BLANK NEWGAR
GRE WU000805-0005	BG FUELS - PTS BUTTON SWITCH WITH LED
GRE WU007492-0001	BG FUELS - ADDITIVE PUMP ASSY/ V-PWR DIE
GRE 004-921469-KIT	BG FUELS - I-GEM PULSER (BLACK WIP)
GRE WU007451-0001	BG FUELS - BOM REFILL LIGHT PREM DIESEL
GRE WU003083-R	BG FUELS - RED BOARD
GRE 887225-R01	BG FUELS - AC DIST. RELAY BOARD
GRE WM001908-R003	BG FUELS - IGEM BOARD
GRE 887223-001	BG FUELS - PCB IGEM 24V DISTRIBUTION BD
GRE 007-300825	BG FUELS - IS BARRIER ASSY
GRE WU012783-0001-R	BG FUELS - DW-14 PRINTER
GRE WM027313-0001	BG FUELS - POWER SUPPLY 24V
GRE W2893895-001	BG FUELS - CARD READER  (PCI 3)
GRE WU007562-0001	BG FUELS - MAIN DISPLAY SALES/VOLUME
GRE 892131-001	BG FUELS - QVGA DISPLAY - OV1
GRE WM053972-0001	BG FUELS - OVA 2 - PPU CONTROL BRD
GRE WU003091-0003	BG FUELS - OVA - NOZZLE BOOT ASSY
GRE 010-048015	BG FUELS - I-METER
BEL S-25002	BELL 55 GAL SPILL KIT
PMI 241039	FILTER - COALESCER 20in x 3.5in FOR 955
PMI 241042-1	FILTER - BAG FILTER 1 MICRON 4x24
H13739M	OPW - 62M CAP 3/8in GROMMET
H13740M	OPW - 62M CAP 1/2in GROMMET
GRE DELL-XE4-MOB	BG FUELS - DELL PC/TOWER MOBIL WIN10
D01529MN	OPW - 2PC COVER (11B) GREEN-NO WARNING
BUL LANE3600POWERSUPPLY	BUL - LANE/3600 POWER SUPPLY
M14084A001	GIL - SANKYO CARD READER GROUND CABLE
INV HDMI	INVENCO - HDMI - 20in LOCKING CABLE
INV EK0137	INVENCO - DISPENSER TO POWER SUPPLY CABL
INV EK0127	INVENCO - WAYNE PUMP TO INV. LINK CABLE
INV 3 PIN AUDIO	INVENCO - 3pin 2wire UPC AUDIO CABLE
INV 2 PIN AUDIO	INVENCO - 2pin 2wire SPEAKER AUDIO CABLE
INV EK0098	INVENCO - BCR USB CABLE
INV EK0101	INVENCO - AUX USB CABLE
INV 4-PIN-PWR-LONG	INVENCO - 4pin UPC POWER CABLE
INV 4-PIN-PWR-SHORT	INVENCO - 4pin APC POWER CABLE
INV EK0132	INVENCO - PRINTER GROUNDING STRAP
D01791MN	OPW - 2PC COVER (11B) YELLOW-BLANK NEWGA
BUL DELL-XE5-MOB	BUL - DELL PC/TOWER MOBIL XE5 WIN10
